00000000: 5351 4c69 7465 2066 6f72 6d61 7420 3300  SQLite format 3.
00000010: 1000 0101 0040 2020 0000 0007 0000 0008  .....@  ........
00000020: 0000 0000 0000 0000 0000 0001 0000 0004  ................
00000030: 0000 0000 0000 0000 0000 0001 0000 0000  ................
00000040: 0000 0000 0000 0000 0000 0000 0000 0000  ................
00000050: 0000 0000 0000 0000 0000 0000 0000 0007  ................
00000060: 002e 574a 0d00 0000 020e f100 0f43 0ef1  ..WJ.........C..
00000070: 0000 0000 0000 0000 0000 0000 0000 0000  ................
00000080: 0000 0000 0000 0000 0000 0000 0000 0000  ................
00000090: 0000 0000 0000 0000 0000 0000 0000 0000  ................
000000a0: 0000 0000 0000 0000 0000 0000 0000 0000  ................
000000b0: 0000 0000 0000 0000 0000 0000 0000 0000  ................
000000c0: 0000 0000 0000 0000 0000 0000 0000 0000  ................
000000d0: 0000 0000 0000 0000 0000 0000 0000 0000  ................
000000e0: 0000 0000 0000 0000 0000 0000 0000 0000  ................
000000f0: 0000 0000 0000 0000 0000 0000 0000 0000  ................
00000100: 0000 0000 0000 0000 0000 0000 0000 0000  ................
00000110: 0000 0000 0000 0000 0000 0000 0000 0000  ................
00000120: 0000 0000 0000 0000 0000 0000 0000 0000  ................
00000130: 0000 0000 0000 0000 0000 0000 0000 0000  ................
00000140: 0000 0000 0000 0000 0000 0000 0000 0000  ................
00000150: 0000 0000 0000 0000 0000 0000 0000 0000  ................
00000160: 0000 0000 0000 0000 0000 0000 0000 0000  ................
00000170: 0000 0000 0000 0000 0000 0000 0000 0000  ................
00000180: 0000 0000 0000 0000 0000 0000 0000 0000  ................
00000190: 0000 0000 0000 0000 0000 0000 0000 0000  ................
000001a0: 0000 0000 0000 0000 0000 0000 0000 0000  ................
000001b0: 0000 0000 0000 0000 0000 0000 0000 0000  ................
000001c0: 0000 0000 0000 0000 0000 0000 0000 0000  ................
000001d0: 0000 0000 0000 0000 0000 0000 0000 0000  ................
000001e0: 0000 0000 0000 0000 0000 0000 0000 0000  ................
000001f0: 0000 0000 0000 0000 0000 0000 0000 0000  ................
00000200: 0000 0000 0000 0000 0000 0000 0000 0000  ................
00000210: 0000 0000 0000 0000 0000 0000 0000 0000  ................
00000220: 0000 0000 0000 0000 0000 0000 0000 0000  ................
00000230: 0000 0000 0000 0000 0000 0000 0000 0000  ................
00000240: 0000 0000 0000 0000 0000 0000 0000 0000  ................
00000250: 0000 0000 0000 0000 0000 0000 0000 0000  ................
00000260: 0000 0000 0000 0000 0000 0000 0000 0000  ................
00000270: 0000 0000 0000 0000 0000 0000 0000 0000  ................
00000280: 0000 0000 0000 0000 0000 0000 0000 0000  ................
00000290: 0000 0000 0000 0000 0000 0000 0000 0000  ................
000002a0: 0000 0000 0000 0000 0000 0000 0000 0000  ................
000002b0: 0000 0000 0000 0000 0000 0000 0000 0000  ................
000002c0: 0000 0000 0000 0000 0000 0000 0000 0000  ................
000002d0: 0000 0000 0000 0000 0000 0000 0000 0000  ................
000002e0: 0000 0000 0000 0000 0000 0000 0000 0000  ................
000002f0: 0000 0000 0000 0000 0000 0000 0000 0000  ................
00000300: 0000 0000 0000 0000 0000 0000 0000 0000  ................
00000310: 0000 0000 0000 0000 0000 0000 0000 0000  ................
00000320: 0000 0000 0000 0000 0000 0000 0000 0000  ................
00000330: 0000 0000 0000 0000 0000 0000 0000 0000  ................
00000340: 0000 0000 0000 0000 0000 0000 0000 0000  ................
00000350: 0000 0000 0000 0000 0000 0000 0000 0000  ................
00000360: 0000 0000 0000 0000 0000 0000 0000 0000  ................
00000370: 0000 0000 0000 0000 0000 0000 0000 0000  ................
00000380: 0000 0000 0000 0000 0000 0000 0000 0000  ................
00000390: 0000 0000 0000 0000 0000 0000 0000 0000  ................
000003a0: 0000 0000 0000 0000 0000 0000 0000 0000  ................
000003b0: 0000 0000 0000 0000 0000 0000 0000 0000  ................
000003c0: 0000 0000 0000 0000 0000 0000 0000 0000  ................
000003d0: 0000 0000 0000 0000 0000 0000 0000 0000  ................
000003e0: 0000 0000 0000 0000 0000 0000 0000 0000  ................
000003f0: 0000 0000 0000 0000 0000 0000 0000 0000  ................
00000400: 0000 0000 0000 0000 0000 0000 0000 0000  ................
00000410: 0000 0000 0000 0000 0000 0000 0000 0000  ................
00000420: 0000 0000 0000 0000 0000 0000 0000 0000  ................
00000430: 0000 0000 0000 0000 0000 0000 0000 0000  ................
00000440: 0000 0000 0000 0000 0000 0000 0000 0000  ................
00000450: 0000 0000 0000 0000 0000 0000 0000 0000  ................
00000460: 0000 0000 0000 0000 0000 0000 0000 0000  ................
00000470: 0000 0000 0000 0000 0000 0000 0000 0000  ................
00000480: 0000 0000 0000 0000 0000 0000 0000 0000  ................
00000490: 0000 0000 0000 0000 0000 0000 0000 0000  ................
000004a0: 0000 0000 0000 0000 0000 0000 0000 0000  ................
000004b0: 0000 0000 0000 0000 0000 0000 0000 0000  ................
000004c0: 0000 0000 0000 0000 0000 0000 0000 0000  ................
000004d0: 0000 0000 0000 0000 0000 0000 0000 0000  ................
000004e0: 0000 0000 0000 0000 0000 0000 0000 0000  ................
000004f0: 0000 0000 0000 0000 0000 0000 0000 0000  ................
00000500: 0000 0000 0000 0000 0000 0000 0000 0000  ................
00000510: 0000 0000 0000 0000 0000 0000 0000 0000  ................
00000520: 0000 0000 0000 0000 0000 0000 0000 0000  ................
00000530: 0000 0000 0000 0000 0000 0000 0000 0000  ................
00000540: 0000 0000 0000 0000 0000 0000 0000 0000  ................
00000550: 0000 0000 0000 0000 0000 0000 0000 0000  ................
00000560: 0000 0000 0000 0000 0000 0000 0000 0000  ................
00000570: 0000 0000 0000 0000 0000 0000 0000 0000  ................
00000580: 0000 0000 0000 0000 0000 0000 0000 0000  ................
00000590: 0000 0000 0000 0000 0000 0000 0000 0000  ................
000005a0: 0000 0000 0000 0000 0000 0000 0000 0000  ................
000005b0: 0000 0000 0000 0000 0000 0000 0000 0000  ................
000005c0: 0000 0000 0000 0000 0000 0000 0000 0000  ................
000005d0: 0000 0000 0000 0000 0000 0000 0000 0000  ................
000005e0: 0000 0000 0000 0000 0000 0000 0000 0000  ................
000005f0: 0000 0000 0000 0000 0000 0000 0000 0000  ................
00000600: 0000 0000 0000 0000 0000 0000 0000 0000  ................
00000610: 0000 0000 0000 0000 0000 0000 0000 0000  ................
00000620: 0000 0000 0000 0000 0000 0000 0000 0000  ................
00000630: 0000 0000 0000 0000 0000 0000 0000 0000  ................
00000640: 0000 0000 0000 0000 0000 0000 0000 0000  ................
00000650: 0000 0000 0000 0000 0000 0000 0000 0000  ................
00000660: 0000 0000 0000 0000 0000 0000 0000 0000  ................
00000670: 0000 0000 0000 0000 0000 0000 0000 0000  ................
00000680: 0000 0000 0000 0000 0000 0000 0000 0000  ................
00000690: 0000 0000 0000 0000 0000 0000 0000 0000  ................
000006a0: 0000 0000 0000 0000 0000 0000 0000 0000  ................
000006b0: 0000 0000 0000 0000 0000 0000 0000 0000  ................
000006c0: 0000 0000 0000 0000 0000 0000 0000 0000  ................
000006d0: 0000 0000 0000 0000 0000 0000 0000 0000  ................
000006e0: 0000 0000 0000 0000 0000 0000 0000 0000  ................
000006f0: 0000 0000 0000 0000 0000 0000 0000 0000  ................
00000700: 0000 0000 0000 0000 0000 0000 0000 0000  ................
00000710: 0000 0000 0000 0000 0000 0000 0000 0000  ................
00000720: 0000 0000 0000 0000 0000 0000 0000 0000  ................
00000730: 0000 0000 0000 0000 0000 0000 0000 0000  ................
00000740: 0000 0000 0000 0000 0000 0000 0000 0000  ................
00000750: 0000 0000 0000 0000 0000 0000 0000 0000  ................
00000760: 0000 0000 0000 0000 0000 0000 0000 0000  ................
00000770: 0000 0000 0000 0000 0000 0000 0000 0000  ................
00000780: 0000 0000 0000 0000 0000 0000 0000 0000  ................
00000790: 0000 0000 0000 0000 0000 0000 0000 0000  ................
000007a0: 0000 0000 0000 0000 0000 0000 0000 0000  ................
000007b0: 0000 0000 0000 0000 0000 0000 0000 0000  ................
000007c0: 0000 0000 0000 0000 0000 0000 0000 0000  ................
000007d0: 0000 0000 0000 0000 0000 0000 0000 0000  ................
000007e0: 0000 0000 0000 0000 0000 0000 0000 0000  ................
000007f0: 0000 0000 0000 0000 0000 0000 0000 0000  ................
00000800: 0000 0000 0000 0000 0000 0000 0000 0000  ................
00000810: 0000 0000 0000 0000 0000 0000 0000 0000  ................
00000820: 0000 0000 0000 0000 0000 0000 0000 0000  ................
00000830: 0000 0000 0000 0000 0000 0000 0000 0000  ................
00000840: 0000 0000 0000 0000 0000 0000 0000 0000  ................
00000850: 0000 0000 0000 0000 0000 0000 0000 0000  ................
00000860: 0000 0000 0000 0000 0000 0000 0000 0000  ................
00000870: 0000 0000 0000 0000 0000 0000 0000 0000  ................
00000880: 0000 0000 0000 0000 0000 0000 0000 0000  ................
00000890: 0000 0000 0000 0000 0000 0000 0000 0000  ................
000008a0: 0000 0000 0000 0000 0000 0000 0000 0000  ................
000008b0: 0000 0000 0000 0000 0000 0000 0000 0000  ................
000008c0: 0000 0000 0000 0000 0000 0000 0000 0000  ................
000008d0: 0000 0000 0000 0000 0000 0000 0000 0000  ................
000008e0: 0000 0000 0000 0000 0000 0000 0000 0000  ................
000008f0: 0000 0000 0000 0000 0000 0000 0000 0000  ................
00000900: 0000 0000 0000 0000 0000 0000 0000 0000  ................
00000910: 0000 0000 0000 0000 0000 0000 0000 0000  ................
00000920: 0000 0000 0000 0000 0000 0000 0000 0000  ................
00000930: 0000 0000 0000 0000 0000 0000 0000 0000  ................
00000940: 0000 0000 0000 0000 0000 0000 0000 0000  ................
00000950: 0000 0000 0000 0000 0000 0000 0000 0000  ................
00000960: 0000 0000 0000 0000 0000 0000 0000 0000  ................
00000970: 0000 0000 0000 0000 0000 0000 0000 0000  ................
00000980: 0000 0000 0000 0000 0000 0000 0000 0000  ................
00000990: 0000 0000 0000 0000 0000 0000 0000 0000  ................
000009a0: 0000 0000 0000 0000 0000 0000 0000 0000  ................
000009b0: 0000 0000 0000 0000 0000 0000 0000 0000  ................
000009c0: 0000 0000 0000 0000 0000 0000 0000 0000  ................
000009d0: 0000 0000 0000 0000 0000 0000 0000 0000  ................
000009e0: 0000 0000 0000 0000 0000 0000 0000 0000  ................
000009f0: 0000 0000 0000 0000 0000 0000 0000 0000  ................
00000a00: 0000 0000 0000 0000 0000 0000 0000 0000  ................
00000a10: 0000 0000 0000 0000 0000 0000 0000 0000  ................
00000a20: 0000 0000 0000 0000 0000 0000 0000 0000  ................
00000a30: 0000 0000 0000 0000 0000 0000 0000 0000  ................
00000a40: 0000 0000 0000 0000 0000 0000 0000 0000  ................
00000a50: 0000 0000 0000 0000 0000 0000 0000 0000  ................
00000a60: 0000 0000 0000 0000 0000 0000 0000 0000  ................
00000a70: 0000 0000 0000 0000 0000 0000 0000 0000  ................
00000a80: 0000 0000 0000 0000 0000 0000 0000 0000  ................
00000a90: 0000 0000 0000 0000 0000 0000 0000 0000  ................
00000aa0: 0000 0000 0000 0000 0000 0000 0000 0000  ................
00000ab0: 0000 0000 0000 0000 0000 0000 0000 0000  ................
00000ac0: 0000 0000 0000 0000 0000 0000 0000 0000  ................
00000ad0: 0000 0000 0000 0000 0000 0000 0000 0000  ................
00000ae0: 0000 0000 0000 0000 0000 0000 0000 0000  ................
00000af0: 0000 0000 0000 0000 0000 0000 0000 0000  ................
00000b00: 0000 0000 0000 0000 0000 0000 0000 0000  ................
00000b10: 0000 0000 0000 0000 0000 0000 0000 0000  ................
00000b20: 0000 0000 0000 0000 0000 0000 0000 0000  ................
00000b30: 0000 0000 0000 0000 0000 0000 0000 0000  ................
00000b40: 0000 0000 0000 0000 0000 0000 0000 0000  ................
00000b50: 0000 0000 0000 0000 0000 0000 0000 0000  ................
00000b60: 0000 0000 0000 0000 0000 0000 0000 0000  ................
00000b70: 0000 0000 0000 0000 0000 0000 0000 0000  ................
00000b80: 0000 0000 0000 0000 0000 0000 0000 0000  ................
00000b90: 0000 0000 0000 0000 0000 0000 0000 0000  ................
00000ba0: 0000 0000 0000 0000 0000 0000 0000 0000  ................
00000bb0: 0000 0000 0000 0000 0000 0000 0000 0000  ................
00000bc0: 0000 0000 0000 0000 0000 0000 0000 0000  ................
00000bd0: 0000 0000 0000 0000 0000 0000 0000 0000  ................
00000be0: 0000 0000 0000 0000 0000 0000 0000 0000  ................
00000bf0: 0000 0000 0000 0000 0000 0000 0000 0000  ................
00000c00: 0000 0000 0000 0000 0000 0000 0000 0000  ................
00000c10: 0000 0000 0000 0000 0000 0000 0000 0000  ................
00000c20: 0000 0000 0000 0000 0000 0000 0000 0000  ................
00000c30: 0000 0000 0000 0000 0000 0000 0000 0000  ................
00000c40: 0000 0000 0000 0000 0000 0000 0000 0000  ................
00000c50: 0000 0000 0000 0000 0000 0000 0000 0000  ................
00000c60: 0000 0000 0000 0000 0000 0000 0000 0000  ................
00000c70: 0000 0000 0000 0000 0000 0000 0000 0000  ................
00000c80: 0000 0000 0000 0000 0000 0000 0000 0000  ................
00000c90: 0000 0000 0000 0000 0000 0000 0000 0000  ................
00000ca0: 0000 0000 0000 0000 0000 0000 0000 0000  ................
00000cb0: 0000 0000 0000 0000 0000 0000 0000 0000  ................
00000cc0: 0000 0000 0000 0000 0000 0000 0000 0000  ................
00000cd0: 0000 0000 0000 0000 0000 0000 0000 0000  ................
00000ce0: 0000 0000 0000 0000 0000 0000 0000 0000  ................
00000cf0: 0000 0000 0000 0000 0000 0000 0000 0000  ................
00000d00: 0000 0000 0000 0000 0000 0000 0000 0000  ................
00000d10: 0000 0000 0000 0000 0000 0000 0000 0000  ................
00000d20: 0000 0000 0000 0000 0000 0000 0000 0000  ................
00000d30: 0000 0000 0000 0000 0000 0000 0000 0000  ................
00000d40: 0000 0000 0000 0000 0000 0000 0000 0000  ................
00000d50: 0000 0000 0000 0000 0000 0000 0000 0000  ................
00000d60: 0000 0000 0000 0000 0000 0000 0000 0000  ................
00000d70: 0000 0000 0000 0000 0000 0000 0000 0000  ................
00000d80: 0000 0000 0000 0000 0000 0000 0000 0000  ................
00000d90: 0000 0000 0000 0000 0000 0000 0000 0000  ................
00000da0: 0000 0000 0000 0000 0000 0000 0000 0000  ................
00000db0: 0000 0000 0000 0000 0000 0000 0000 0000  ................
00000dc0: 0000 0000 0000 0000 0000 0000 0000 0000  ................
00000dd0: 0000 0000 0000 0000 0000 0000 0000 0000  ................
00000de0: 0000 0000 0000 0000 0000 0000 0000 0000  ................
00000df0: 0000 0000 0000 0000 0000 0000 0000 0000  ................
00000e00: 0000 0000 0000 0000 0000 0000 0000 0000  ................
00000e10: 0000 0000 0000 0000 0000 0000 0000 0000  ................
00000e20: 0000 0000 0000 0000 0000 0000 0000 0000  ................
00000e30: 0000 0000 0000 0000 0000 0000 0000 0000  ................
00000e40: 0000 0000 0000 0000 0000 0000 0000 0000  ................
00000e50: 0000 0000 0000 0000 0000 0000 0000 0000  ................
00000e60: 0000 0000 0000 0000 0000 0000 0000 0000  ................
00000e70: 0000 0000 0000 0000 0000 0000 0000 0000  ................
00000e80: 0000 0000 0000 0000 0000 0000 0000 0000  ................
00000e90: 0000 0000 0000 0000 0000 0000 0000 0000  ................
00000ea0: 0000 0000 0000 0000 0000 0000 0000 0000  ................
00000eb0: 0000 0000 0000 0000 0000 0000 0000 0000  ................
00000ec0: 0000 0000 0000 0000 0000 0000 0000 0000  ................
00000ed0: 0000 0000 0000 0000 0000 0000 0000 0000  ................
00000ee0: 0000 0000 0000 0000 0000 0000 0000 0000  ................
00000ef0: 0050 0206 172b 2b01 5974 6162 6c65 7371  .P...++.Ytablesq
00000f00: 6c69 7465 5f73 6571 7565 6e63 6573 716c  lite_sequencesql
00000f10: 6974 655f 7365 7175 656e 6365 0343 5245  ite_sequence.CRE
00000f20: 4154 4520 5441 424c 4520 7371 6c69 7465  ATE TABLE sqlite
00000f30: 5f73 6571 7565 6e63 6528 6e61 6d65 2c73  _sequence(name,s
00000f40: 6571 2981 3a01 0717 1717 0182 5374 6162  eq).:.......Stab
00000f50: 6c65 6e6f 7465 736e 6f74 6573 0243 5245  lenotesnotes.CRE
00000f60: 4154 4520 5441 424c 4520 6e6f 7465 7320  ATE TABLE notes 
00000f70: 280a 2020 2020 2020 2020 2020 2020 2020  (.              
00000f80: 2020 6964 2049 4e54 4547 4552 2050 5249    id INTEGER PRI
00000f90: 4d41 5259 204b 4559 2041 5554 4f49 4e43  MARY KEY AUTOINC
00000fa0: 5245 4d45 4e54 2c0a 2020 2020 2020 2020  REMENT,.        
00000fb0: 2020 2020 2020 2020 7469 746c 6520 5445          title TE
00000fc0: 5854 204e 4f54 204e 554c 4c2c 0a20 2020  XT NOT NULL,.   
00000fd0: 2020 2020 2020 2020 2020 2020 2063 6f6e               con
00000fe0: 7465 6e74 2054 4558 5420 4e4f 5420 4e55  tent TEXT NOT NU
00000ff0: 4c4c 0a20 2020 2020 2020 2020 2020 2029  LL.            )
00001000: 0500 0000 020f f600 0000 0008 0ffb 0ff6  ................
00001010: 0000 0000 0000 0000 0000 0000 0000 0000  ................
00001020: 0000 0000 0000 0000 0000 0000 0000 0000  ................
00001030: 0000 0000 0000 0000 0000 0000 0000 0000  ................
00001040: 0000 0000 0000 0000 0000 0000 0000 0000  ................
00001050: 0000 0000 0000 0000 0000 0000 0000 0000  ................
00001060: 0000 0000 0000 0000 0000 0000 0000 0000  ................
00001070: 0000 0000 0000 0000 0000 0000 0000 0000  ................
00001080: 0000 0000 0000 0000 0000 0000 0000 0000  ................
00001090: 0000 0000 0000 0000 0000 0000 0000 0000  ................
000010a0: 0000 0000 0000 0000 0000 0000 0000 0000  ................
000010b0: 0000 0000 0000 0000 0000 0000 0000 0000  ................
000010c0: 0000 0000 0000 0000 0000 0000 0000 0000  ................
000010d0: 0000 0000 0000 0000 0000 0000 0000 0000  ................
000010e0: 0000 0000 0000 0000 0000 0000 0000 0000  ................
000010f0: 0000 0000 0000 0000 0000 0000 0000 0000  ................
00001100: 0000 0000 0000 0000 0000 0000 0000 0000  ................
00001110: 0000 0000 0000 0000 0000 0000 0000 0000  ................
00001120: 0000 0000 0000 0000 0000 0000 0000 0000  ................
00001130: 0000 0000 0000 0000 0000 0000 0000 0000  ................
00001140: 0000 0000 0000 0000 0000 0000 0000 0000  ................
00001150: 0000 0000 0000 0000 0000 0000 0000 0000  ................
00001160: 0000 0000 0000 0000 0000 0000 0000 0000  ................
00001170: 0000 0000 0000 0000 0000 0000 0000 0000  ................
00001180: 0000 0000 0000 0000 0000 0000 0000 0000  ................
00001190: 0000 0000 0000 0000 0000 0000 0000 0000  ................
000011a0: 0000 0000 0000 0000 0000 0000 0000 0000  ................
000011b0: 0000 0000 0000 0000 0000 0000 0000 0000  ................
000011c0: 0000 0000 0000 0000 0000 0000 0000 0000  ................
000011d0: 0000 0000 0000 0000 0000 0000 0000 0000  ................
000011e0: 0000 0000 0000 0000 0000 0000 0000 0000  ................
000011f0: 0000 0000 0000 0000 0000 0000 0000 0000  ................
00001200: 0000 0000 0000 0000 0000 0000 0000 0000  ................
00001210: 0000 0000 0000 0000 0000 0000 0000 0000  ................
00001220: 0000 0000 0000 0000 0000 0000 0000 0000  ................
00001230: 0000 0000 0000 0000 0000 0000 0000 0000  ................
00001240: 0000 0000 0000 0000 0000 0000 0000 0000  ................
00001250: 0000 0000 0000 0000 0000 0000 0000 0000  ................
00001260: 0000 0000 0000 0000 0000 0000 0000 0000  ................
00001270: 0000 0000 0000 0000 0000 0000 0000 0000  ................
00001280: 0000 0000 0000 0000 0000 0000 0000 0000  ................
00001290: 0000 0000 0000 0000 0000 0000 0000 0000  ................
000012a0: 0000 0000 0000 0000 0000 0000 0000 0000  ................
000012b0: 0000 0000 0000 0000 0000 0000 0000 0000  ................
000012c0: 0000 0000 0000 0000 0000 0000 0000 0000  ................
000012d0: 0000 0000 0000 0000 0000 0000 0000 0000  ................
000012e0: 0000 0000 0000 0000 0000 0000 0000 0000  ................
000012f0: 0000 0000 0000 0000 0000 0000 0000 0000  ................
00001300: 0000 0000 0000 0000 0000 0000 0000 0000  ................
00001310: 0000 0000 0000 0000 0000 0000 0000 0000  ................
00001320: 0000 0000 0000 0000 0000 0000 0000 0000  ................
00001330: 0000 0000 0000 0000 0000 0000 0000 0000  ................
00001340: 0000 0000 0000 0000 0000 0000 0000 0000  ................
00001350: 0000 0000 0000 0000 0000 0000 0000 0000  ................
00001360: 0000 0000 0000 0000 0000 0000 0000 0000  ................
00001370: 0000 0000 0000 0000 0000 0000 0000 0000  ................
00001380: 0000 0000 0000 0000 0000 0000 0000 0000  ................
00001390: 0000 0000 0000 0000 0000 0000 0000 0000  ................
000013a0: 0000 0000 0000 0000 0000 0000 0000 0000  ................
000013b0: 0000 0000 0000 0000 0000 0000 0000 0000  ................
000013c0: 0000 0000 0000 0000 0000 0000 0000 0000  ................
000013d0: 0000 0000 0000 0000 0000 0000 0000 0000  ................
000013e0: 0000 0000 0000 0000 0000 0000 0000 0000  ................
000013f0: 0000 0000 0000 0000 0000 0000 0000 0000  ................
00001400: 0000 0000 0000 0000 0000 0000 0000 0000  ................
00001410: 0000 0000 0000 0000 0000 0000 0000 0000  ................
00001420: 0000 0000 0000 0000 0000 0000 0000 0000  ................
00001430: 0000 0000 0000 0000 0000 0000 0000 0000  ................
00001440: 0000 0000 0000 0000 0000 0000 0000 0000  ................
00001450: 0000 0000 0000 0000 0000 0000 0000 0000  ................
00001460: 0000 0000 0000 0000 0000 0000 0000 0000  ................
00001470: 0000 0000 0000 0000 0000 0000 0000 0000  ................
00001480: 0000 0000 0000 0000 0000 0000 0000 0000  ................
00001490: 0000 0000 0000 0000 0000 0000 0000 0000  ................
000014a0: 0000 0000 0000 0000 0000 0000 0000 0000  ................
000014b0: 0000 0000 0000 0000 0000 0000 0000 0000  ................
000014c0: 0000 0000 0000 0000 0000 0000 0000 0000  ................
000014d0: 0000 0000 0000 0000 0000 0000 0000 0000  ................
000014e0: 0000 0000 0000 0000 0000 0000 0000 0000  ................
000014f0: 0000 0000 0000 0000 0000 0000 0000 0000  ................
00001500: 0000 0000 0000 0000 0000 0000 0000 0000  ................
00001510: 0000 0000 0000 0000 0000 0000 0000 0000  ................
00001520: 0000 0000 0000 0000 0000 0000 0000 0000  ................
00001530: 0000 0000 0000 0000 0000 0000 0000 0000  ................
00001540: 0000 0000 0000 0000 0000 0000 0000 0000  ................
00001550: 0000 0000 0000 0000 0000 0000 0000 0000  ................
00001560: 0000 0000 0000 0000 0000 0000 0000 0000  ................
00001570: 0000 0000 0000 0000 0000 0000 0000 0000  ................
00001580: 0000 0000 0000 0000 0000 0000 0000 0000  ................
00001590: 0000 0000 0000 0000 0000 0000 0000 0000  ................
000015a0: 0000 0000 0000 0000 0000 0000 0000 0000  ................
000015b0: 0000 0000 0000 0000 0000 0000 0000 0000  ................
000015c0: 0000 0000 0000 0000 0000 0000 0000 0000  ................
000015d0: 0000 0000 0000 0000 0000 0000 0000 0000  ................
000015e0: 0000 0000 0000 0000 0000 0000 0000 0000  ................
000015f0: 0000 0000 0000 0000 0000 0000 0000 0000  ................
00001600: 0000 0000 0000 0000 0000 0000 0000 0000  ................
00001610: 0000 0000 0000 0000 0000 0000 0000 0000  ................
00001620: 0000 0000 0000 0000 0000 0000 0000 0000  ................
00001630: 0000 0000 0000 0000 0000 0000 0000 0000  ................
00001640: 0000 0000 0000 0000 0000 0000 0000 0000  ................
00001650: 0000 0000 0000 0000 0000 0000 0000 0000  ................
00001660: 0000 0000 0000 0000 0000 0000 0000 0000  ................
00001670: 0000 0000 0000 0000 0000 0000 0000 0000  ................
00001680: 0000 0000 0000 0000 0000 0000 0000 0000  ................
00001690: 0000 0000 0000 0000 0000 0000 0000 0000  ................
000016a0: 0000 0000 0000 0000 0000 0000 0000 0000  ................
000016b0: 0000 0000 0000 0000 0000 0000 0000 0000  ................
000016c0: 0000 0000 0000 0000 0000 0000 0000 0000  ................
000016d0: 0000 0000 0000 0000 0000 0000 0000 0000  ................
000016e0: 0000 0000 0000 0000 0000 0000 0000 0000  ................
000016f0: 0000 0000 0000 0000 0000 0000 0000 0000  ................
00001700: 0000 0000 0000 0000 0000 0000 0000 0000  ................
00001710: 0000 0000 0000 0000 0000 0000 0000 0000  ................
00001720: 0000 0000 0000 0000 0000 0000 0000 0000  ................
00001730: 0000 0000 0000 0000 0000 0000 0000 0000  ................
00001740: 0000 0000 0000 0000 0000 0000 0000 0000  ................
00001750: 0000 0000 0000 0000 0000 0000 0000 0000  ................
00001760: 0000 0000 0000 0000 0000 0000 0000 0000  ................
00001770: 0000 0000 0000 0000 0000 0000 0000 0000  ................
00001780: 0000 0000 0000 0000 0000 0000 0000 0000  ................
00001790: 0000 0000 0000 0000 0000 0000 0000 0000  ................
000017a0: 0000 0000 0000 0000 0000 0000 0000 0000  ................
000017b0: 0000 0000 0000 0000 0000 0000 0000 0000  ................
000017c0: 0000 0000 0000 0000 0000 0000 0000 0000  ................
000017d0: 0000 0000 0000 0000 0000 0000 0000 0000  ................
000017e0: 0000 0000 0000 0000 0000 0000 0000 0000  ................
000017f0: 0000 0000 0000 0000 0000 0000 0000 0000  ................
00001800: 0000 0000 0000 0000 0000 0000 0000 0000  ................
00001810: 0000 0000 0000 0000 0000 0000 0000 0000  ................
00001820: 0000 0000 0000 0000 0000 0000 0000 0000  ................
00001830: 0000 0000 0000 0000 0000 0000 0000 0000  ................
00001840: 0000 0000 0000 0000 0000 0000 0000 0000  ................
00001850: 0000 0000 0000 0000 0000 0000 0000 0000  ................
00001860: 0000 0000 0000 0000 0000 0000 0000 0000  ................
00001870: 0000 0000 0000 0000 0000 0000 0000 0000  ................
00001880: 0000 0000 0000 0000 0000 0000 0000 0000  ................
00001890: 0000 0000 0000 0000 0000 0000 0000 0000  ................
000018a0: 0000 0000 0000 0000 0000 0000 0000 0000  ................
000018b0: 0000 0000 0000 0000 0000 0000 0000 0000  ................
000018c0: 0000 0000 0000 0000 0000 0000 0000 0000  ................
000018d0: 0000 0000 0000 0000 0000 0000 0000 0000  ................
000018e0: 0000 0000 0000 0000 0000 0000 0000 0000  ................
000018f0: 0000 0000 0000 0000 0000 0000 0000 0000  ................
00001900: 0000 0000 0000 0000 0000 0000 0000 0000  ................
00001910: 0000 0000 0000 0000 0000 0000 0000 0000  ................
00001920: 0000 0000 0000 0000 0000 0000 0000 0000  ................
00001930: 0000 0000 0000 0000 0000 0000 0000 0000  ................
00001940: 0000 0000 0000 0000 0000 0000 0000 0000  ................
00001950: 0000 0000 0000 0000 0000 0000 0000 0000  ................
00001960: 0000 0000 0000 0000 0000 0000 0000 0000  ................
00001970: 0000 0000 0000 0000 0000 0000 0000 0000  ................
00001980: 0000 0000 0000 0000 0000 0000 0000 0000  ................
00001990: 0000 0000 0000 0000 0000 0000 0000 0000  ................
000019a0: 0000 0000 0000 0000 0000 0000 0000 0000  ................
000019b0: 0000 0000 0000 0000 0000 0000 0000 0000  ................
000019c0: 0000 0000 0000 0000 0000 0000 0000 0000  ................
000019d0: 0000 0000 0000 0000 0000 0000 0000 0000  ................
000019e0: 0000 0000 0000 0000 0000 0000 0000 0000  ................
000019f0: 0000 0000 0000 0000 0000 0000 0000 0000  ................
00001a00: 0000 0000 0000 0000 0000 0000 0000 0000  ................
00001a10: 0000 0000 0000 0000 0000 0000 0000 0000  ................
00001a20: 0000 0000 0000 0000 0000 0000 0000 0000  ................
00001a30: 0000 0000 0000 0000 0000 0000 0000 0000  ................
00001a40: 0000 0000 0000 0000 0000 0000 0000 0000  ................
00001a50: 0000 0000 0000 0000 0000 0000 0000 0000  ................
00001a60: 0000 0000 0000 0000 0000 0000 0000 0000  ................
00001a70: 0000 0000 0000 0000 0000 0000 0000 0000  ................
00001a80: 0000 0000 0000 0000 0000 0000 0000 0000  ................
00001a90: 0000 0000 0000 0000 0000 0000 0000 0000  ................
00001aa0: 0000 0000 0000 0000 0000 0000 0000 0000  ................
00001ab0: 0000 0000 0000 0000 0000 0000 0000 0000  ................
00001ac0: 0000 0000 0000 0000 0000 0000 0000 0000  ................
00001ad0: 0000 0000 0000 0000 0000 0000 0000 0000  ................
00001ae0: 0000 0000 0000 0000 0000 0000 0000 0000  ................
00001af0: 0000 0000 0000 0000 0000 0000 0000 0000  ................
00001b00: 0000 0000 0000 0000 0000 0000 0000 0000  ................
00001b10: 0000 0000 0000 0000 0000 0000 0000 0000  ................
00001b20: 0000 0000 0000 0000 0000 0000 0000 0000  ................
00001b30: 0000 0000 0000 0000 0000 0000 0000 0000  ................
00001b40: 0000 0000 0000 0000 0000 0000 0000 0000  ................
00001b50: 0000 0000 0000 0000 0000 0000 0000 0000  ................
00001b60: 0000 0000 0000 0000 0000 0000 0000 0000  ................
00001b70: 0000 0000 0000 0000 0000 0000 0000 0000  ................
00001b80: 0000 0000 0000 0000 0000 0000 0000 0000  ................
00001b90: 0000 0000 0000 0000 0000 0000 0000 0000  ................
00001ba0: 0000 0000 0000 0000 0000 0000 0000 0000  ................
00001bb0: 0000 0000 0000 0000 0000 0000 0000 0000  ................
00001bc0: 0000 0000 0000 0000 0000 0000 0000 0000  ................
00001bd0: 0000 0000 0000 0000 0000 0000 0000 0000  ................
00001be0: 0000 0000 0000 0000 0000 0000 0000 0000  ................
00001bf0: 0000 0000 0000 0000 0000 0000 0000 0000  ................
00001c00: 0000 0000 0000 0000 0000 0000 0000 0000  ................
00001c10: 0000 0000 0000 0000 0000 0000 0000 0000  ................
00001c20: 0000 0000 0000 0000 0000 0000 0000 0000  ................
00001c30: 0000 0000 0000 0000 0000 0000 0000 0000  ................
00001c40: 0000 0000 0000 0000 0000 0000 0000 0000  ................
00001c50: 0000 0000 0000 0000 0000 0000 0000 0000  ................
00001c60: 0000 0000 0000 0000 0000 0000 0000 0000  ................
00001c70: 0000 0000 0000 0000 0000 0000 0000 0000  ................
00001c80: 0000 0000 0000 0000 0000 0000 0000 0000  ................
00001c90: 0000 0000 0000 0000 0000 0000 0000 0000  ................
00001ca0: 0000 0000 0000 0000 0000 0000 0000 0000  ................
00001cb0: 0000 0000 0000 0000 0000 0000 0000 0000  ................
00001cc0: 0000 0000 0000 0000 0000 0000 0000 0000  ................
00001cd0: 0000 0000 0000 0000 0000 0000 0000 0000  ................
00001ce0: 0000 0000 0000 0000 0000 0000 0000 0000  ................
00001cf0: 0000 0000 0000 0000 0000 0000 0000 0000  ................
00001d00: 0000 0000 0000 0000 0000 0000 0000 0000  ................
00001d10: 0000 0000 0000 0000 0000 0000 0000 0000  ................
00001d20: 0000 0000 0000 0000 0000 0000 0000 0000  ................
00001d30: 0000 0000 0000 0000 0000 0000 0000 0000  ................
00001d40: 0000 0000 0000 0000 0000 0000 0000 0000  ................
00001d50: 0000 0000 0000 0000 0000 0000 0000 0000  ................
00001d60: 0000 0000 0000 0000 0000 0000 0000 0000  ................
00001d70: 0000 0000 0000 0000 0000 0000 0000 0000  ................
00001d80: 0000 0000 0000 0000 0000 0000 0000 0000  ................
00001d90: 0000 0000 0000 0000 0000 0000 0000 0000  ................
00001da0: 0000 0000 0000 0000 0000 0000 0000 0000  ................
00001db0: 0000 0000 0000 0000 0000 0000 0000 0000  ................
00001dc0: 0000 0000 0000 0000 0000 0000 0000 0000  ................
00001dd0: 0000 0000 0000 0000 0000 0000 0000 0000  ................
00001de0: 0000 0000 0000 0000 0000 0000 0000 0000  ................
00001df0: 0000 0000 0000 0000 0000 0000 0000 0000  ................
00001e00: 0000 0000 0000 0000 0000 0000 0000 0000  ................
00001e10: 0000 0000 0000 0000 0000 0000 0000 0000  ................
00001e20: 0000 0000 0000 0000 0000 0000 0000 0000  ................
00001e30: 0000 0000 0000 0000 0000 0000 0000 0000  ................
00001e40: 0000 0000 0000 0000 0000 0000 0000 0000  ................
00001e50: 0000 0000 0000 0000 0000 0000 0000 0000  ................
00001e60: 0000 0000 0000 0000 0000 0000 0000 0000  ................
00001e70: 0000 0000 0000 0000 0000 0000 0000 0000  ................
00001e80: 0000 0000 0000 0000 0000 0000 0000 0000  ................
00001e90: 0000 0000 0000 0000 0000 0000 0000 0000  ................
00001ea0: 0000 0000 0000 0000 0000 0000 0000 0000  ................
00001eb0: 0000 0000 0000 0000 0000 0000 0000 0000  ................
00001ec0: 0000 0000 0000 0000 0000 0000 0000 0000  ................
00001ed0: 0000 0000 0000 0000 0000 0000 0000 0000  ................
00001ee0: 0000 0000 0000 0000 0000 0000 0000 0000  ................
00001ef0: 0000 0000 0000 0000 0000 0000 0000 0000  ................
00001f00: 0000 0000 0000 0000 0000 0000 0000 0000  ................
00001f10: 0000 0000 0000 0000 0000 0000 0000 0000  ................
00001f20: 0000 0000 0000 0000 0000 0000 0000 0000  ................
00001f30: 0000 0000 0000 0000 0000 0000 0000 0000  ................
00001f40: 0000 0000 0000 0000 0000 0000 0000 0000  ................
00001f50: 0000 0000 0000 0000 0000 0000 0000 0000  ................
00001f60: 0000 0000 0000 0000 0000 0000 0000 0000  ................
00001f70: 0000 0000 0000 0000 0000 0000 0000 0000  ................
00001f80: 0000 0000 0000 0000 0000 0000 0000 0000  ................
00001f90: 0000 0000 0000 0000 0000 0000 0000 0000  ................
00001fa0: 0000 0000 0000 0000 0000 0000 0000 0000  ................
00001fb0: 0000 0000 0000 0000 0000 0000 0000 0000  ................
00001fc0: 0000 0000 0000 0000 0000 0000 0000 0000  ................
00001fd0: 0000 0000 0000 0000 0000 0000 0000 0000  ................
00001fe0: 0000 0000 0000 0000 0000 0000 0000 0000  ................
00001ff0: 0000 0000 0000 0000 0006 0400 0000 0503  ................
00002000: 0d00 0000 010f f500 0ff5 0000 0000 0000  ................
00002010: 0000 0000 0000 0000 0000 0000 0000 0000  ................
00002020: 0000 0000 0000 0000 0000 0000 0000 0000  ................
00002030: 0000 0000 0000 0000 0000 0000 0000 0000  ................
00002040: 0000 0000 0000 0000 0000 0000 0000 0000  ................
00002050: 0000 0000 0000 0000 0000 0000 0000 0000  ................
00002060: 0000 0000 0000 0000 0000 0000 0000 0000  ................
00002070: 0000 0000 0000 0000 0000 0000 0000 0000  ................
00002080: 0000 0000 0000 0000 0000 0000 0000 0000  ................
00002090: 0000 0000 0000 0000 0000 0000 0000 0000  ................
000020a0: 0000 0000 0000 0000 0000 0000 0000 0000  ................
000020b0: 0000 0000 0000 0000 0000 0000 0000 0000  ................
000020c0: 0000 0000 0000 0000 0000 0000 0000 0000  ................
000020d0: 0000 0000 0000 0000 0000 0000 0000 0000  ................
000020e0: 0000 0000 0000 0000 0000 0000 0000 0000  ................
000020f0: 0000 0000 0000 0000 0000 0000 0000 0000  ................
00002100: 0000 0000 0000 0000 0000 0000 0000 0000  ................
00002110: 0000 0000 0000 0000 0000 0000 0000 0000  ................
00002120: 0000 0000 0000 0000 0000 0000 0000 0000  ................
00002130: 0000 0000 0000 0000 0000 0000 0000 0000  ................
00002140: 0000 0000 0000 0000 0000 0000 0000 0000  ................
00002150: 0000 0000 0000 0000 0000 0000 0000 0000  ................
00002160: 0000 0000 0000 0000 0000 0000 0000 0000  ................
00002170: 0000 0000 0000 0000 0000 0000 0000 0000  ................
00002180: 0000 0000 0000 0000 0000 0000 0000 0000  ................
00002190: 0000 0000 0000 0000 0000 0000 0000 0000  ................
000021a0: 0000 0000 0000 0000 0000 0000 0000 0000  ................
000021b0: 0000 0000 0000 0000 0000 0000 0000 0000  ................
000021c0: 0000 0000 0000 0000 0000 0000 0000 0000  ................
000021d0: 0000 0000 0000 0000 0000 0000 0000 0000  ................
000021e0: 0000 0000 0000 0000 0000 0000 0000 0000  ................
000021f0: 0000 0000 0000 0000 0000 0000 0000 0000  ................
00002200: 0000 0000 0000 0000 0000 0000 0000 0000  ................
00002210: 0000 0000 0000 0000 0000 0000 0000 0000  ................
00002220: 0000 0000 0000 0000 0000 0000 0000 0000  ................
00002230: 0000 0000 0000 0000 0000 0000 0000 0000  ................
00002240: 0000 0000 0000 0000 0000 0000 0000 0000  ................
00002250: 0000 0000 0000 0000 0000 0000 0000 0000  ................
00002260: 0000 0000 0000 0000 0000 0000 0000 0000  ................
00002270: 0000 0000 0000 0000 0000 0000 0000 0000  ................
00002280: 0000 0000 0000 0000 0000 0000 0000 0000  ................
00002290: 0000 0000 0000 0000 0000 0000 0000 0000  ................
000022a0: 0000 0000 0000 0000 0000 0000 0000 0000  ................
000022b0: 0000 0000 0000 0000 0000 0000 0000 0000  ................
000022c0: 0000 0000 0000 0000 0000 0000 0000 0000  ................
000022d0: 0000 0000 0000 0000 0000 0000 0000 0000  ................
000022e0: 0000 0000 0000 0000 0000 0000 0000 0000  ................
000022f0: 0000 0000 0000 0000 0000 0000 0000 0000  ................
00002300: 0000 0000 0000 0000 0000 0000 0000 0000  ................
00002310: 0000 0000 0000 0000 0000 0000 0000 0000  ................
00002320: 0000 0000 0000 0000 0000 0000 0000 0000  ................
00002330: 0000 0000 0000 0000 0000 0000 0000 0000  ................
00002340: 0000 0000 0000 0000 0000 0000 0000 0000  ................
00002350: 0000 0000 0000 0000 0000 0000 0000 0000  ................
00002360: 0000 0000 0000 0000 0000 0000 0000 0000  ................
00002370: 0000 0000 0000 0000 0000 0000 0000 0000  ................
00002380: 0000 0000 0000 0000 0000 0000 0000 0000  ................
00002390: 0000 0000 0000 0000 0000 0000 0000 0000  ................
000023a0: 0000 0000 0000 0000 0000 0000 0000 0000  ................
000023b0: 0000 0000 0000 0000 0000 0000 0000 0000  ................
000023c0: 0000 0000 0000 0000 0000 0000 0000 0000  ................
000023d0: 0000 0000 0000 0000 0000 0000 0000 0000  ................
000023e0: 0000 0000 0000 0000 0000 0000 0000 0000  ................
000023f0: 0000 0000 0000 0000 0000 0000 0000 0000  ................
00002400: 0000 0000 0000 0000 0000 0000 0000 0000  ................
00002410: 0000 0000 0000 0000 0000 0000 0000 0000  ................
00002420: 0000 0000 0000 0000 0000 0000 0000 0000  ................
00002430: 0000 0000 0000 0000 0000 0000 0000 0000  ................
00002440: 0000 0000 0000 0000 0000 0000 0000 0000  ................
00002450: 0000 0000 0000 0000 0000 0000 0000 0000  ................
00002460: 0000 0000 0000 0000 0000 0000 0000 0000  ................
00002470: 0000 0000 0000 0000 0000 0000 0000 0000  ................
00002480: 0000 0000 0000 0000 0000 0000 0000 0000  ................
00002490: 0000 0000 0000 0000 0000 0000 0000 0000  ................
000024a0: 0000 0000 0000 0000 0000 0000 0000 0000  ................
000024b0: 0000 0000 0000 0000 0000 0000 0000 0000  ................
000024c0: 0000 0000 0000 0000 0000 0000 0000 0000  ................
000024d0: 0000 0000 0000 0000 0000 0000 0000 0000  ................
000024e0: 0000 0000 0000 0000 0000 0000 0000 0000  ................
000024f0: 0000 0000 0000 0000 0000 0000 0000 0000  ................
00002500: 0000 0000 0000 0000 0000 0000 0000 0000  ................
00002510: 0000 0000 0000 0000 0000 0000 0000 0000  ................
00002520: 0000 0000 0000 0000 0000 0000 0000 0000  ................
00002530: 0000 0000 0000 0000 0000 0000 0000 0000  ................
00002540: 0000 0000 0000 0000 0000 0000 0000 0000  ................
00002550: 0000 0000 0000 0000 0000 0000 0000 0000  ................
00002560: 0000 0000 0000 0000 0000 0000 0000 0000  ................
00002570: 0000 0000 0000 0000 0000 0000 0000 0000  ................
00002580: 0000 0000 0000 0000 0000 0000 0000 0000  ................
00002590: 0000 0000 0000 0000 0000 0000 0000 0000  ................
000025a0: 0000 0000 0000 0000 0000 0000 0000 0000  ................
000025b0: 0000 0000 0000 0000 0000 0000 0000 0000  ................
000025c0: 0000 0000 0000 0000 0000 0000 0000 0000  ................
000025d0: 0000 0000 0000 0000 0000 0000 0000 0000  ................
000025e0: 0000 0000 0000 0000 0000 0000 0000 0000  ................
000025f0: 0000 0000 0000 0000 0000 0000 0000 0000  ................
00002600: 0000 0000 0000 0000 0000 0000 0000 0000  ................
00002610: 0000 0000 0000 0000 0000 0000 0000 0000  ................
00002620: 0000 0000 0000 0000 0000 0000 0000 0000  ................
00002630: 0000 0000 0000 0000 0000 0000 0000 0000  ................
00002640: 0000 0000 0000 0000 0000 0000 0000 0000  ................
00002650: 0000 0000 0000 0000 0000 0000 0000 0000  ................
00002660: 0000 0000 0000 0000 0000 0000 0000 0000  ................
00002670: 0000 0000 0000 0000 0000 0000 0000 0000  ................
00002680: 0000 0000 0000 0000 0000 0000 0000 0000  ................
00002690: 0000 0000 0000 0000 0000 0000 0000 0000  ................
000026a0: 0000 0000 0000 0000 0000 0000 0000 0000  ................
000026b0: 0000 0000 0000 0000 0000 0000 0000 0000  ................
000026c0: 0000 0000 0000 0000 0000 0000 0000 0000  ................
000026d0: 0000 0000 0000 0000 0000 0000 0000 0000  ................
000026e0: 0000 0000 0000 0000 0000 0000 0000 0000  ................
000026f0: 0000 0000 0000 0000 0000 0000 0000 0000  ................
00002700: 0000 0000 0000 0000 0000 0000 0000 0000  ................
00002710: 0000 0000 0000 0000 0000 0000 0000 0000  ................
00002720: 0000 0000 0000 0000 0000 0000 0000 0000  ................
00002730: 0000 0000 0000 0000 0000 0000 0000 0000  ................
00002740: 0000 0000 0000 0000 0000 0000 0000 0000  ................
00002750: 0000 0000 0000 0000 0000 0000 0000 0000  ................
00002760: 0000 0000 0000 0000 0000 0000 0000 0000  ................
00002770: 0000 0000 0000 0000 0000 0000 0000 0000  ................
00002780: 0000 0000 0000 0000 0000 0000 0000 0000  ................
00002790: 0000 0000 0000 0000 0000 0000 0000 0000  ................
000027a0: 0000 0000 0000 0000 0000 0000 0000 0000  ................
000027b0: 0000 0000 0000 0000 0000 0000 0000 0000  ................
000027c0: 0000 0000 0000 0000 0000 0000 0000 0000  ................
000027d0: 0000 0000 0000 0000 0000 0000 0000 0000  ................
000027e0: 0000 0000 0000 0000 0000 0000 0000 0000  ................
000027f0: 0000 0000 0000 0000 0000 0000 0000 0000  ................
00002800: 0000 0000 0000 0000 0000 0000 0000 0000  ................
00002810: 0000 0000 0000 0000 0000 0000 0000 0000  ................
00002820: 0000 0000 0000 0000 0000 0000 0000 0000  ................
00002830: 0000 0000 0000 0000 0000 0000 0000 0000  ................
00002840: 0000 0000 0000 0000 0000 0000 0000 0000  ................
00002850: 0000 0000 0000 0000 0000 0000 0000 0000  ................
00002860: 0000 0000 0000 0000 0000 0000 0000 0000  ................
00002870: 0000 0000 0000 0000 0000 0000 0000 0000  ................
00002880: 0000 0000 0000 0000 0000 0000 0000 0000  ................
00002890: 0000 0000 0000 0000 0000 0000 0000 0000  ................
000028a0: 0000 0000 0000 0000 0000 0000 0000 0000  ................
000028b0: 0000 0000 0000 0000 0000 0000 0000 0000  ................
000028c0: 0000 0000 0000 0000 0000 0000 0000 0000  ................
000028d0: 0000 0000 0000 0000 0000 0000 0000 0000  ................
000028e0: 0000 0000 0000 0000 0000 0000 0000 0000  ................
000028f0: 0000 0000 0000 0000 0000 0000 0000 0000  ................
00002900: 0000 0000 0000 0000 0000 0000 0000 0000  ................
00002910: 0000 0000 0000 0000 0000 0000 0000 0000  ................
00002920: 0000 0000 0000 0000 0000 0000 0000 0000  ................
00002930: 0000 0000 0000 0000 0000 0000 0000 0000  ................
00002940: 0000 0000 0000 0000 0000 0000 0000 0000  ................
00002950: 0000 0000 0000 0000 0000 0000 0000 0000  ................
00002960: 0000 0000 0000 0000 0000 0000 0000 0000  ................
00002970: 0000 0000 0000 0000 0000 0000 0000 0000  ................
00002980: 0000 0000 0000 0000 0000 0000 0000 0000  ................
00002990: 0000 0000 0000 0000 0000 0000 0000 0000  ................
000029a0: 0000 0000 0000 0000 0000 0000 0000 0000  ................
000029b0: 0000 0000 0000 0000 0000 0000 0000 0000  ................
000029c0: 0000 0000 0000 0000 0000 0000 0000 0000  ................
000029d0: 0000 0000 0000 0000 0000 0000 0000 0000  ................
000029e0: 0000 0000 0000 0000 0000 0000 0000 0000  ................
000029f0: 0000 0000 0000 0000 0000 0000 0000 0000  ................
00002a00: 0000 0000 0000 0000 0000 0000 0000 0000  ................
00002a10: 0000 0000 0000 0000 0000 0000 0000 0000  ................
00002a20: 0000 0000 0000 0000 0000 0000 0000 0000  ................
00002a30: 0000 0000 0000 0000 0000 0000 0000 0000  ................
00002a40: 0000 0000 0000 0000 0000 0000 0000 0000  ................
00002a50: 0000 0000 0000 0000 0000 0000 0000 0000  ................
00002a60: 0000 0000 0000 0000 0000 0000 0000 0000  ................
00002a70: 0000 0000 0000 0000 0000 0000 0000 0000  ................
00002a80: 0000 0000 0000 0000 0000 0000 0000 0000  ................
00002a90: 0000 0000 0000 0000 0000 0000 0000 0000  ................
00002aa0: 0000 0000 0000 0000 0000 0000 0000 0000  ................
00002ab0: 0000 0000 0000 0000 0000 0000 0000 0000  ................
00002ac0: 0000 0000 0000 0000 0000 0000 0000 0000  ................
00002ad0: 0000 0000 0000 0000 0000 0000 0000 0000  ................
00002ae0: 0000 0000 0000 0000 0000 0000 0000 0000  ................
00002af0: 0000 0000 0000 0000 0000 0000 0000 0000  ................
00002b00: 0000 0000 0000 0000 0000 0000 0000 0000  ................
00002b10: 0000 0000 0000 0000 0000 0000 0000 0000  ................
00002b20: 0000 0000 0000 0000 0000 0000 0000 0000  ................
00002b30: 0000 0000 0000 0000 0000 0000 0000 0000  ................
00002b40: 0000 0000 0000 0000 0000 0000 0000 0000  ................
00002b50: 0000 0000 0000 0000 0000 0000 0000 0000  ................
00002b60: 0000 0000 0000 0000 0000 0000 0000 0000  ................
00002b70: 0000 0000 0000 0000 0000 0000 0000 0000  ................
00002b80: 0000 0000 0000 0000 0000 0000 0000 0000  ................
00002b90: 0000 0000 0000 0000 0000 0000 0000 0000  ................
00002ba0: 0000 0000 0000 0000 0000 0000 0000 0000  ................
00002bb0: 0000 0000 0000 0000 0000 0000 0000 0000  ................
00002bc0: 0000 0000 0000 0000 0000 0000 0000 0000  ................
00002bd0: 0000 0000 0000 0000 0000 0000 0000 0000  ................
00002be0: 0000 0000 0000 0000 0000 0000 0000 0000  ................
00002bf0: 0000 0000 0000 0000 0000 0000 0000 0000  ................
00002c00: 0000 0000 0000 0000 0000 0000 0000 0000  ................
00002c10: 0000 0000 0000 0000 0000 0000 0000 0000  ................
00002c20: 0000 0000 0000 0000 0000 0000 0000 0000  ................
00002c30: 0000 0000 0000 0000 0000 0000 0000 0000  ................
00002c40: 0000 0000 0000 0000 0000 0000 0000 0000  ................
00002c50: 0000 0000 0000 0000 0000 0000 0000 0000  ................
00002c60: 0000 0000 0000 0000 0000 0000 0000 0000  ................
00002c70: 0000 0000 0000 0000 0000 0000 0000 0000  ................
00002c80: 0000 0000 0000 0000 0000 0000 0000 0000  ................
00002c90: 0000 0000 0000 0000 0000 0000 0000 0000  ................
00002ca0: 0000 0000 0000 0000 0000 0000 0000 0000  ................
00002cb0: 0000 0000 0000 0000 0000 0000 0000 0000  ................
00002cc0: 0000 0000 0000 0000 0000 0000 0000 0000  ................
00002cd0: 0000 0000 0000 0000 0000 0000 0000 0000  ................
00002ce0: 0000 0000 0000 0000 0000 0000 0000 0000  ................
00002cf0: 0000 0000 0000 0000 0000 0000 0000 0000  ................
00002d00: 0000 0000 0000 0000 0000 0000 0000 0000  ................
00002d10: 0000 0000 0000 0000 0000 0000 0000 0000  ................
00002d20: 0000 0000 0000 0000 0000 0000 0000 0000  ................
00002d30: 0000 0000 0000 0000 0000 0000 0000 0000  ................
00002d40: 0000 0000 0000 0000 0000 0000 0000 0000  ................
00002d50: 0000 0000 0000 0000 0000 0000 0000 0000  ................
00002d60: 0000 0000 0000 0000 0000 0000 0000 0000  ................
00002d70: 0000 0000 0000 0000 0000 0000 0000 0000  ................
00002d80: 0000 0000 0000 0000 0000 0000 0000 0000  ................
00002d90: 0000 0000 0000 0000 0000 0000 0000 0000  ................
00002da0: 0000 0000 0000 0000 0000 0000 0000 0000  ................
00002db0: 0000 0000 0000 0000 0000 0000 0000 0000  ................
00002dc0: 0000 0000 0000 0000 0000 0000 0000 0000  ................
00002dd0: 0000 0000 0000 0000 0000 0000 0000 0000  ................
00002de0: 0000 0000 0000 0000 0000 0000 0000 0000  ................
00002df0: 0000 0000 0000 0000 0000 0000 0000 0000  ................
00002e00: 0000 0000 0000 0000 0000 0000 0000 0000  ................
00002e10: 0000 0000 0000 0000 0000 0000 0000 0000  ................
00002e20: 0000 0000 0000 0000 0000 0000 0000 0000  ................
00002e30: 0000 0000 0000 0000 0000 0000 0000 0000  ................
00002e40: 0000 0000 0000 0000 0000 0000 0000 0000  ................
00002e50: 0000 0000 0000 0000 0000 0000 0000 0000  ................
00002e60: 0000 0000 0000 0000 0000 0000 0000 0000  ................
00002e70: 0000 0000 0000 0000 0000 0000 0000 0000  ................
00002e80: 0000 0000 0000 0000 0000 0000 0000 0000  ................
00002e90: 0000 0000 0000 0000 0000 0000 0000 0000  ................
00002ea0: 0000 0000 0000 0000 0000 0000 0000 0000  ................
00002eb0: 0000 0000 0000 0000 0000 0000 0000 0000  ................
00002ec0: 0000 0000 0000 0000 0000 0000 0000 0000  ................
00002ed0: 0000 0000 0000 0000 0000 0000 0000 0000  ................
00002ee0: 0000 0000 0000 0000 0000 0000 0000 0000  ................
00002ef0: 0000 0000 0000 0000 0000 0000 0000 0000  ................
00002f00: 0000 0000 0000 0000 0000 0000 0000 0000  ................
00002f10: 0000 0000 0000 0000 0000 0000 0000 0000  ................
00002f20: 0000 0000 0000 0000 0000 0000 0000 0000  ................
00002f30: 0000 0000 0000 0000 0000 0000 0000 0000  ................
00002f40: 0000 0000 0000 0000 0000 0000 0000 0000  ................
00002f50: 0000 0000 0000 0000 0000 0000 0000 0000  ................
00002f60: 0000 0000 0000 0000 0000 0000 0000 0000  ................
00002f70: 0000 0000 0000 0000 0000 0000 0000 0000  ................
00002f80: 0000 0000 0000 0000 0000 0000 0000 0000  ................
00002f90: 0000 0000 0000 0000 0000 0000 0000 0000  ................
00002fa0: 0000 0000 0000 0000 0000 0000 0000 0000  ................
00002fb0: 0000 0000 0000 0000 0000 0000 0000 0000  ................
00002fc0: 0000 0000 0000 0000 0000 0000 0000 0000  ................
00002fd0: 0000 0000 0000 0000 0000 0000 0000 0000  ................
00002fe0: 0000 0000 0000 0000 0000 0000 0000 0000  ................
00002ff0: 0000 0000 0009 0103 1701 6e6f 7465 7306  ..........notes.
00003000: 0000 0000 6861 6e69 6361 6c20 636c 7574  ....hanical clut
00003010: 6368 2074 6f20 6120 426f 7267 5761 726e  ch to a BorgWarn
00003020: 6572 2054 2d31 3020 666f 7572 2073 7065  er T-10 four spe
00003030: 6564 206d 616e 7561 6c20 7472 616e 736d  ed manual transm
00003040: 6973 7369 6f6e 2028 7769 7468 2061 6c75  ission (with alu
00003050: 6d69 6e75 6d20 6361 7369 6e67 292c 2061  minum casing), a
00003060: 2066 756c 6c79 2065 6e63 6c6f 7365 6420   fully enclosed 
00003070: 7374 6565 6c20 7475 6275 6c61 7220 6472  steel tubular dr
00003080: 6976 6573 6861 6674 2077 6974 6820 7365  iveshaft with se
00003090: 6d69 2d66 6c6f 6174 696e 6720 796f 6b65  mi-floating yoke
000030a0: 732c 2061 6e64 2061 2046 6f72 6420 392d  s, and a Ford 9-
000030b0: 696e 6368 2072 6561 7220 6178 6c65 2077  inch rear axle w
000030c0: 6974 6820 6120 4465 7472 6f69 7420 4c6f  ith a Detroit Lo
000030d0: 636b 6572 2022 4e6f 2d53 7069 6e22 206c  cker "No-Spin" l
000030e0: 6f63 6b69 6e67 2064 6966 6665 7265 6e74  ocking different
000030f0: 6961 6c20 616e 6420 7769 7468 2061 2033  ial and with a 3
00003100: 2e38 393a 3120 6669 6e61 6c20 6472 6976  .89:1 final driv
00003110: 652e 2054 6865 2068 6172 6477 6172 6520  e. The hardware 
00003120: 7761 7320 6361 7061 626c 6520 6f66 2061  was capable of a
00003130: 6363 656c 6572 6174 696e 6720 7468 6520  ccelerating the 
00003140: 6361 7220 6672 6f6d 207a 6572 6f20 746f  car from zero to
00003150: 2036 3020 6d70 6820 2839 3720 6b6d 2f68   60 mph (97 km/h
00003160: 2920 696e 2061 726f 756e 6420 352e 3720  ) in around 5.7 
00003170: 7365 636f 6e64 7320 616e 6420 616e 2065  seconds and an e
00003180: 7374 696d 6174 6564 2071 7561 7274 6572  stimated quarter
00003190: 206d 696c 6520 7469 6d65 206f 6620 3134   mile time of 14
000031a0: 2e35 2073 6563 6f6e 6473 2061 7420 6120  .5 seconds at a 
000031b0: 7472 6170 2073 7065 6564 206f 6620 3938  trap speed of 98
000031c0: 206d 7068 2e0a 5468 6520 5368 656c 6279   mph..The Shelby
000031d0: 204d 7573 7461 6e67 2047 5433 3530 2072   Mustang GT350 r
000031e0: 6574 6169 6e65 6420 6d75 6368 206f 6620  etained much of 
000031f0: 7468 6520 7374 6f63 6b20 4d75 7374 616e  the stock Mustan
00003200: 6727 7320 6672 6f6e 7420 636f 696c 2d73  g's front coil-s
00003210: 7072 696e 6720 616e 6420 7265 6172 2022  pring and rear "
00003220: 6c69 7665 2d61 786c 6522 2028 7769 7468  live-axle" (with
00003230: 2068 616c 662d 656c 6c69 7074 6963 616c   half-elliptical
00003240: 206c 6561 6620 7370 7269 6e67 7329 2073   leaf springs) s
00003250: 7573 7065 6e73 696f 6e20 636f 6d70 6f6e  uspension compon
00003260: 656e 7473 2077 6974 6820 4b6f 6e69 2061  ents with Koni a
00003270: 646a 7573 7461 626c 6520 7368 6f63 6b73  djustable shocks
00003280: 2c20 636f 6e74 726f 6c20 6172 6d73 2c20  , control arms, 
00003290: 312d 696e 6368 2061 6e74 692d 726f 6c6c  1-inch anti-roll
000032a0: 2062 6172 2065 7420 6365 7465 7261 2e20   bar et cetera. 
000032b0: 4275 7420 7468 6572 6520 7765 7265 2053  But there were S
000032c0: 6865 6c62 792d 7370 6563 6966 6963 2075  helby-specific u
000032d0: 7067 7261 6465 732e 2054 6865 2066 726f  pgrades. The fro
000032e0: 6e74 2066 6561 7475 7265 6420 7468 6520  nt featured the 
000032f0: 696e 6661 6d6f 7573 2022 5368 656c 6279  infamous "Shelby
00003300: 2064 726f 7022 2c20 7768 6572 6520 7468   drop", where th
00003310: 6520 696e 6e65 7220 7069 766f 7473 206f  e inner pivots o
00003320: 6620 7468 6520 7570 7065 7220 636f 6e74  f the upper cont
00003330: 726f 6c20 6172 6d73 2077 6572 6520 2264  rol arms were "d
00003340: 726f 7070 6564 2220 6f72 2072 656c 6f63  ropped" or reloc
00003350: 6174 6564 2064 6f77 6e77 6172 6420 6279  ated downward by
00003360: 206f 6e65 2069 6e63 6820 6672 6f6d 2074   one inch from t
00003370: 6865 6972 206f 7269 6769 6e61 6c20 706f  heir original po
00003380: 7369 7469 6f6e 2074 6f20 7265 6475 6365  sition to reduce
00003390: 2075 6e64 6572 7374 6565 7220 6279 2069   understeer by i
000033a0: 6d70 726f 7669 6e67 2063 616d 6265 722e  mproving camber.
000033b0: 204f 6e20 7468 6520 7265 6172 2c20 6120   On the rear, a 
000033c0: 7061 6972 206f 6620 2774 7261 6374 696f  pair of 'tractio
000033d0: 6e20 6261 7273 2720 7765 7265 206d 6f75  n bars' were mou
000033e0: 6e74 6564 2061 626f 7665 2074 6865 2072  nted above the r
000033f0: 6561 7220 6178 6c65 2074 6f20 636f 6e74  ear axle to cont
00003400: 726f 6c20 6178 6c65 2077 696e 642d 7570  rol axle wind-up
00003410: 2064 7572 696e 6720 6861 7264 2061 6363   during hard acc
00003420: 656c 6572 6174 696f 6e2e 2054 6865 2063  eleration. The c
00003430: 6861 7373 6973 2077 6173 2073 7469 6666  hassis was stiff
00003440: 656e 6564 2077 6974 6820 6120 4b2d 7368  ened with a K-sh
00003450: 6170 6564 2065 7870 6f72 7420 6272 6163  aped export brac
00003460: 6520 616e 6420 6120 274d 6f6e 7465 2043  e and a 'Monte C
00003470: 6172 6c6f 2062 6172 2720 746f 2063 6f6e  arlo bar' to con
00003480: 6e65 6374 2074 6865 2073 686f 636b 2074  nect the shock t
00003490: 6f77 6572 732e 2041 6c73 6f20 696e 636c  owers. Also incl
000034a0: 7564 6564 2077 6173 2061 2071 7569 636b  uded was a quick
000034b0: 2d72 6174 696f 2073 7465 6572 696e 6720  -ratio steering 
000034c0: 6e6f 7420 666f 756e 6420 6f6e 2074 6865  not found on the
000034d0: 2062 6173 6520 4d75 7374 616e 6720 322b   base Mustang 2+
000034e0: 322c 2062 7574 2069 7420 6469 6420 6e6f  2, but it did no
000034f0: 7420 6861 7665 2074 6865 206d 6f72 6520  t have the more 
00003500: 636f 6e76 656e 6965 6e74 2062 7574 2068  convenient but h
00003510: 6561 7669 6572 2068 7964 7261 756c 6963  eavier hydraulic
00003520: 2070 6f77 6572 2061 7373 6973 7420 7379   power assist sy
00003530: 7374 656d 206f 6620 7468 6520 6261 7365  stem of the base
00003540: 204d 7573 7461 6e67 2e20 5468 6520 4754   Mustang. The GT
00003550: 3335 3020 7573 6564 2061 2073 6f66 7465  350 used a softe
00003560: 7220 6461 6d70 6572 2072 6174 6520 7468  r damper rate th
00003570: 616e 2074 6865 2068 6172 6463 6f72 6520  an the hardcore 
00003580: 4754 3335 302d 5220 636f 6d70 6574 6974  GT350-R competit
00003590: 696f 6e20 6361 722e 2053 746f 7070 696e  ion car. Stoppin
000035a0: 6720 706f 7765 7220 6361 6d65 2066 726f  g power came fro
000035b0: 6d20 3131 2e33 3735 2d69 6e63 6820 4b65  m 11.375-inch Ke
000035c0: 6c73 6579 2d48 6179 6573 2064 6973 6320  lsey-Hayes disc 
000035d0: 6272 616b 6573 2077 6974 6820 7365 6d69  brakes with semi
000035e0: 2d6d 6574 616c 6c69 6320 7261 6369 6e67  -metallic racing
000035f0: 2062 7261 6b65 2070 6164 7320 7570 2066   brake pads up f
00003600: 726f 6e74 2c20 616e 6420 3130 2d69 6e63  ront, and 10-inc
00003610: 6820 7820 322e 352d 696e 6368 2072 6561  h x 2.5-inch rea
00003620: 7220 6472 756d 2062 7261 6b65 7320 626f  r drum brakes bo
00003630: 7272 6f77 6564 2066 726f 6d20 7468 6520  rrowed from the 
00003640: 466f 7264 2047 616c 6178 6965 2c20 616e  Ford Galaxie, an
00003650: 6420 7468 6520 6361 7220 726f 6465 206f  d the car rode o
00003660: 6e20 476f 6f64 7965 6172 2022 426c 7565  n Goodyear "Blue
00003670: 2044 6f74 2220 7469 7265 7320 2872 6174   Dot" tires (rat
00003680: 6564 2066 6f72 2073 7065 6564 7320 6f66  ed for speeds of
00003690: 2075 7020 746f 2031 3330 206d 7068 2920   up to 130 mph) 
000036a0: 7772 6170 7065 6420 6172 6f75 6e64 2073  wrapped around s
000036b0: 7465 656c 2077 6865 656c 732e 2054 6865  teel wheels. The
000036c0: 2063 6172 2068 6164 2061 2074 6f70 2073   car had a top s
000036d0: 7065 6564 206f 6620 6172 6f75 6e64 2031  peed of around 1
000036e0: 3334 206d 7068 2028 3231 3620 6b6d 2f68  34 mph (216 km/h
000036f0: 290a 546f 2073 6176 6520 7765 6967 6874  ).To save weight
00003700: 206f 6e20 7468 6520 6361 7220 616e 6420   on the car and 
00003710: 666f 7220 636f 6d70 6c69 616e 6365 2074  for compliance t
00003720: 6f20 5343 4341 2042 2f50 726f 6475 6374  o SCCA B/Product
00003730: 696f 6e20 7275 6c65 7320 756e 6465 7220  ion rules under 
00003740: 7768 6963 6820 7468 6520 6361 7220 7761  which the car wa
00003750: 7320 746f 2062 6520 686f 6d6f 6c6f 6761  s to be homologa
00003760: 7465 642c 2046 6f72 6420 7265 6d6f 7665  ted, Ford remove
00003770: 6420 7468 6520 7265 6172 2073 6561 7473  d the rear seats
00003780: 2061 6e64 206d 7563 6820 6f66 2074 6865   and much of the
00003790: 2069 6e74 6572 696f 7220 7472 696d 2066   interior trim f
000037a0: 726f 6d20 7468 6520 4754 3335 3020 616e  rom the GT350 an
000037b0: 6420 7573 6564 2061 2066 6962 6572 676c  d used a fibergl
000037c0: 6173 7320 686f 6f64 2069 6e73 7465 6164  ass hood instead
000037d0: 206f 6620 6120 7374 6565 6c20 6f6e 652e   of a steel one.
000037e0: 2054 6865 2073 6964 652d 6578 6974 2065   The side-exit e
000037f0: 7868 6175 7374 2075 7365 6420 7369 6d70  xhaust used simp
00003800: 6c65 2073 7472 6169 6768 742d 7468 726f  le straight-thro
00003810: 7567 6820 6d75 6666 6c65 7273 2061 6e64  ugh mufflers and
00003820: 2074 7562 756c 6172 2065 7868 6175 7374   tubular exhaust
00003830: 2068 6561 6465 7273 2e20 5468 6520 7370   headers. The sp
00003840: 6172 6520 7469 7265 2077 6173 206c 6174  are tire was lat
00003850: 6572 2072 6570 6f73 6974 696f 6e65 642c  er repositioned,
00003860: 2061 6e64 2074 6865 2062 6174 7465 7279   and the battery
00003870: 2077 6173 2072 656c 6f63 6174 6564 2074   was relocated t
00003880: 6f20 7468 6520 7472 756e 6b20 696e 2074  o the trunk in t
00003890: 6865 2072 6561 7220 666f 7220 6265 7474  he rear for bett
000038a0: 6572 2066 726f 6e74 2d72 6561 7220 7765  er front-rear we
000038b0: 6967 6874 2064 6973 7472 6962 7574 696f  ight distributio
000038c0: 6e2e 2054 6865 2047 5433 3530 2077 6569  n. The GT350 wei
000038d0: 6768 6564 2061 726f 756e 6420 322c 3739  ghed around 2,79
000038e0: 3020 6c62 7320 2831 2c32 3635 206b 6729  0 lbs (1,265 kg)
000038f0: 2c20 7768 6963 6820 7761 7320 726f 7567  , which was roug
00003900: 686c 7920 3135 3020 6c62 7320 6c69 6768  hly 150 lbs ligh
00003910: 7465 7220 7468 616e 2074 6865 2073 746f  ter than the sto
00003920: 636b 204d 7573 7461 6e67 2032 2b32 2046  ck Mustang 2+2 F
00003930: 6173 7462 6163 6b2e 2054 6865 2047 5433  astback. The GT3
00003940: 3530 2d52 2028 7468 6520 7472 6163 6b2d  50-R (the track-
00003950: 6f6e 6c79 2076 6572 7369 6f6e 206f 6620  only version of 
00003960: 7468 6520 4754 3335 3029 2068 6164 2069  the GT350) had i
00003970: 7473 2070 6f77 6572 2069 6e63 7265 6173  ts power increas
00003980: 6564 2074 6f20 6172 6f75 6e64 2033 3530  ed to around 350
00003990: 2068 7020 616e 6420 7361 7665 6420 6f6e   hp and saved on
000039a0: 2077 6569 6768 7420 6279 2075 7369 6e67   weight by using
000039b0: 2061 6372 796c 6963 2077 696e 646f 7773   acrylic windows
000039c0: 2c20 3135 2d69 6e63 6820 6d61 676e 6573  , 15-inch magnes
000039d0: 6975 6d20 2243 7261 6765 7220 5368 656c  ium "Crager Shel
000039e0: 6279 2220 7768 6565 6c73 2c20 7265 6172  by" wheels, rear
000039f0: 2061 6972 2065 7874 7261 6374 6f72 7320   air extractors 
00003a00: 616e 6420 6576 656e 206d 6f72 6520 696e  and even more in
00003a10: 7465 7269 6f72 2064 656c 6574 696f 6e20  terior deletion 
00003a20: 7468 616e 2074 6865 2047 5433 3530 2066  than the GT350 f
00003a30: 6f72 2061 2063 7572 6220 7765 6967 6874  or a curb weight
00003a40: 206f 6620 6172 6f75 6e64 2032 2c35 3530   of around 2,550
00003a50: 206c 6273 206f 7220 312c 3135 3720 6b67   lbs or 1,157 kg
00003a60: 2028 7468 6520 7265 6775 6c61 7469 6f6e   (the regulation
00003a70: 2077 6569 6768 7420 666f 7220 5343 4341   weight for SCCA
00003a80: 2042 2f50 726f 6475 6374 696f 6e29 2061   B/Production) a
00003a90: 6c6f 6e67 7369 6465 2075 7067 7261 6465  longside upgrade
00003aa0: 6420 6272 616b 6520 616e 6420 6f69 6c20  d brake and oil 
00003ab0: 636f 6f6c 696e 672c 2072 6f6c 6c2d 6f76  cooling, roll-ov
00003ac0: 6572 2070 726f 7465 6374 696f 6e2c 2068  er protection, h
00003ad0: 6561 7679 2064 7574 7920 7375 7370 656e  eavy duty suspen
00003ae0: 7369 6f6e 2061 6e64 2062 7261 6b65 7320  sion and brakes 
00003af0: 7261 6369 6e67 2065 7868 6175 7374 2c20  racing exhaust, 
00003b00: 2770 7269 6d69 7469 7665 2074 7261 6374  'primitive tract
00003b10: 696f 6e20 636f 6e74 726f 6c27 2061 6e64  ion control' and
00003b20: 2063 6f6d 7065 7469 7469 7665 2072 6163   competitive rac
00003b30: 696e 6720 7469 7265 732e 200a 486f 7765  ing tires. .Howe
00003b40: 7665 722c 206f 6e6c 7920 7468 6520 2247  ver, only the "G
00003b50: 2e54 2e20 3335 3022 2063 6172 7320 7765  .T. 350" cars we
00003b60: 7265 2072 6f61 6420 6c65 6761 6c2c 2061  re road legal, a
00003b70: 6e64 2061 2074 6f74 616c 206f 6620 3531  nd a total of 51
00003b80: 3520 6f66 2074 6865 7365 2077 6572 6520  5 of these were 
00003b90: 6d61 6465 2066 6f72 2031 3936 352e 2054  made for 1965. T
00003ba0: 6865 2074 6869 7274 792d 6669 7665 2047  he thirty-five G
00003bb0: 5433 3530 2d52 2063 6172 7320 6d61 6465  T350-R cars made
00003bc0: 2066 6f72 2074 6861 7420 7965 6172 2077   for that year w
00003bd0: 6572 6520 7573 6564 2066 6f72 2053 4343  ere used for SCC
00003be0: 4120 422f 5072 6f64 7563 7469 6f6e 2072  A B/Production r
00003bf0: 6163 696e 6720 616e 6420 776f 6e20 7468  acing and won th
00003c00: 6520 616e 6e75 616c 204e 6174 696f 6e61  e annual Nationa
00003c10: 6c20 4368 616d 7069 6f6e 7368 6970 2069  l Championship i
00003c20: 6e20 7468 6174 2063 6174 6567 6f72 792e  n that category.
00003c30: 204e 696e 6520 6361 7273 2077 6572 6520   Nine cars were 
00003c40: 6d6f 6469 6669 6564 2066 6f72 2064 7261  modified for dra
00003c50: 6720 7261 6369 6e67 2c20 616e 6420 7769  g racing, and wi
00003c60: 7468 206f 6e65 2072 6f61 642d 6c65 6761  th one road-lega
00003c70: 6c20 7072 6f74 6f74 7970 6520 616e 6420  l prototype and 
00003c80: 7477 6f20 7261 6369 6e67 2070 726f 746f  two racing proto
00003c90: 7479 7065 732c 2061 2074 6f74 616c 206f  types, a total o
00003ca0: 6620 3536 3220 5368 656c 6279 204d 7573  f 562 Shelby Mus
00003cb0: 7461 6e67 2047 5433 3530 7320 7765 7265  tang GT350s were
00003cc0: 206d 6164 6520 666f 7220 3139 3635 2e20   made for 1965. 
00003cd0: 416c 6c20 7468 6f73 6520 6361 7273 2063  All those cars c
00003ce0: 616d 6520 696e 2074 6865 2065 7861 6374  ame in the exact
00003cf0: 2073 616d 6520 636f 6c6f 7220 7363 6865   same color sche
00003d00: 6d65 2061 7320 7468 6973 2064 6965 6361  me as this dieca
00003d10: 7374 2077 6974 6820 7468 6520 6578 6365  st with the exce
00003d20: 7074 696f 6e20 7468 6174 2074 6865 204c  ption that the L
00003d30: 6520 4d61 6e73 2073 7472 6970 6573 2063  e Mans stripes c
00003d40: 6f75 6c64 2062 6520 6f70 7465 6420 6f75  ould be opted ou
00003d50: 742e 204f 6e6c 7920 3238 2520 6f66 2074  t. Only 28% of t
00003d60: 6865 2031 3936 3520 6d6f 6465 6c20 7965  he 1965 model ye
00003d70: 6172 2076 6568 6963 6c65 7320 6361 6d65  ar vehicles came
00003d80: 2077 6974 6820 7468 6520 4c65 204d 616e   with the Le Man
00003d90: 7320 7374 7269 7065 732c 2065 7665 6e20  s stripes, even 
00003da0: 7468 6f75 6768 2074 686f 7365 2073 7472  though those str
00003db0: 6970 6573 2061 7265 2074 6f64 6179 2072  ipes are today r
00003dc0: 6567 6172 6465 6420 6173 2061 2076 6973  egarded as a vis
00003dd0: 7561 6c20 6964 656e 7469 7479 206f 6620  ual identity of 
00003de0: 7468 6520 5368 656c 6279 204d 7573 7461  the Shelby Musta
00003df0: 6e67 2e20 5368 656c 6279 2065 7870 616e  ng. Shelby expan
00003e00: 6465 6420 7072 6f64 7563 7469 6f6e 206f  ded production o
00003e10: 6620 7468 6520 4754 3335 3020 6166 7465  f the GT350 afte
00003e20: 7220 3139 3635 2c20 696e 7472 6f64 7563  r 1965, introduc
00003e30: 696e 6720 6120 7375 6363 6573 736f 7220  ing a successor 
00003e40: 696e 2074 6865 2031 3936 3720 5368 656c  in the 1967 Shel
00003e50: 6279 2047 5435 3030 2061 6e64 2069 6e74  by GT500 and int
00003e60: 726f 6475 6369 6e67 206e 6577 2047 5433  roducing new GT3
00003e70: 3530 2076 6172 6961 6e74 7320 6c69 6b65  50 variants like
00003e80: 2074 6865 2050 6178 746f 6e2d 5375 7065   the Paxton-Supe
00003e90: 7263 6861 7267 6564 2047 5433 3530 2028  rcharged GT350 (
00003ea0: 616e 6420 7468 6520 6f6e 652d 6f66 6620  and the one-off 
00003eb0: 5368 656c 6279 2047 5433 3530 5320 7072  Shelby GT350S pr
00003ec0: 6f74 6f74 7970 6520 6d61 6b69 6e67 2034  ototype making 4
00003ed0: 3036 2068 7029 2c20 7468 6520 5368 656c  06 hp), the Shel
00003ee0: 6279 2047 5433 3530 2063 6f6e 7665 7274  by GT350 convert
00003ef0: 6962 6c65 2061 6e64 2074 6865 2047 5433  ible and the GT3
00003f00: 3530 2d48 2063 6172 7320 696e 2062 6c61  50-H cars in bla
00003f10: 636b 2077 6974 6820 676f 6c64 2073 7472  ck with gold str
00003f20: 6970 6573 2066 6f72 2074 6865 2048 6572  ipes for the Her
00003f30: 747a 2022 5265 6e74 2d61 2d52 6163 6522  tz "Rent-a-Race"
00003f40: 2070 726f 6772 616d 2c20 6265 666f 7265   program, before
00003f50: 2074 6865 2063 6f6c 6c61 626f 7261 7469   the collaborati
00003f60: 6f6e 2062 6574 7765 656e 2046 6f72 6420  on between Ford 
00003f70: 616e 6420 5368 656c 6279 2077 6173 2064  and Shelby was d
00003f80: 6973 636f 6e74 696e 7565 6420 6172 6f75  iscontinued arou
00003f90: 6e64 2031 3937 302e 2054 6865 2074 776f  nd 1970. The two
00003fa0: 2063 6f6d 7061 6e69 6573 2077 6f75 6c64   companies would
00003fb0: 6e27 7420 636f 6c6c 6162 6f72 6174 6520  n't collaborate 
00003fc0: 6167 6169 6e20 696e 2070 726f 7065 7220  again in proper 
00003fd0: 756e 7469 6c20 7468 6520 6465 6275 7420  until the debut 
00003fe0: 6f66 2074 6865 206e 6577 2053 6865 6c62  of the new Shelb
00003ff0: 7920 4754 3530 3020 696e 2032 3030 372e  y GT500 in 2007.
00004000: 0d00 0000 0300 e900 0fe0 08e8 00e9 0000  ................
00004010: 0000 0000 0000 0000 0000 0000 0000 0000  ................
00004020: 0000 0000 0000 0000 0000 0000 0000 0000  ................
00004030: 0000 0000 0000 0000 0000 0000 0000 0000  ................
00004040: 0000 0000 0000 0000 0000 0000 0000 0000  ................
00004050: 0000 0000 0000 0000 0000 0000 0000 0000  ................
00004060: 0000 0000 0000 0000 0000 0000 0000 0000  ................
00004070: 0000 0000 0000 0000 0000 0000 0000 0000  ................
00004080: 0000 0000 0000 0000 0000 0000 0000 0000  ................
00004090: 0000 0000 0000 0000 0000 0000 0000 0000  ................
000040a0: 0000 0000 0000 0000 0000 0000 0000 0000  ................
000040b0: 0000 0000 0000 0000 0000 0000 0000 0000  ................
000040c0: 0000 0000 0000 0000 0000 0000 0000 0000  ................
000040d0: 0000 0000 0000 0000 0000 0000 0000 0000  ................
000040e0: 0000 0000 0000 0000 008f 7c03 0500 199f  ..........|.....
000040f0: 6f42 6174 6d61 6e22 466f 6c6c 6f77 696e  oBatman"Followin
00004100: 6720 7468 6520 3230 3134 2069 6e74 726f  g the 2014 intro
00004110: 6475 6374 696f 6e20 6f66 2074 6865 2074  duction of the t
00004120: 6869 7274 6565 6e74 682d 6765 6e65 7261  hirteenth-genera
00004130: 7469 6f6e 2046 2d53 6572 6965 732c 2074  tion F-Series, t
00004140: 6865 2052 6170 746f 7220 6d6f 6465 6c20  he Raptor model 
00004150: 6c69 6e65 2077 656e 7420 6f6e 2061 2074  line went on a t
00004160: 776f 2d79 6561 7220 6869 6174 7573 2e20  wo-year hiatus. 
00004170: 556e 7665 696c 6564 2061 7320 6120 7072  Unveiled as a pr
00004180: 652d 7072 6f64 7563 7469 6f6e 2076 6568  e-production veh
00004190: 6963 6c65 2069 6e20 4a61 6e75 6172 7920  icle in January 
000041a0: 3230 3135 2061 7420 7468 6520 3230 3135  2015 at the 2015
000041b0: 2044 6574 726f 6974 2049 6e74 6572 6e61   Detroit Interna
000041c0: 7469 6f6e 616c 2041 7574 6f20 5368 6f77  tional Auto Show
000041d0: 2c20 7468 6520 7365 636f 6e64 2067 656e  , the second gen
000041e0: 6572 6174 696f 6e20 6f66 2074 6865 2052  eration of the R
000041f0: 6170 746f 7220 7761 7320 7265 6c65 6173  aptor was releas
00004200: 6564 2069 6e20 6561 726c 7920 3230 3137  ed in early 2017
00004210: 2066 6f72 2074 6865 2032 3031 3720 6d6f   for the 2017 mo
00004220: 6465 6c20 7965 6172 2c20 6472 6f70 7069  del year, droppi
00004230: 6e67 2074 6865 2053 5654 2070 7265 6669  ng the SVT prefi
00004240: 782e 2041 7320 7769 7468 2069 7473 2070  x. As with its p
00004250: 7265 6465 6365 7373 6f72 2c20 7468 6520  redecessor, the 
00004260: 7365 636f 6e64 2d67 656e 6572 6174 696f  second-generatio
00004270: 6e20 5261 7074 6f72 2069 7320 6120 7069  n Raptor is a pi
00004280: 636b 7570 2074 7275 636b 2064 6572 6976  ckup truck deriv
00004290: 6564 2066 726f 6d20 7468 6520 462d 3135  ed from the F-15
000042a0: 302c 206f 7074 696d 697a 6564 2066 6f72  0, optimized for
000042b0: 206f 6666 2d72 6f61 6420 6361 7061 6269   off-road capabi
000042c0: 6c69 7479 2e0a 4173 2077 6974 6820 7468  lity..As with th
000042d0: 6520 7374 616e 6461 7264 2046 2d31 3530  e standard F-150
000042e0: 2c20 7468 6520 5261 7074 6f72 2069 7320  , the Raptor is 
000042f0: 616e 2061 6c75 6d69 6e75 6d2d 696e 7465  an aluminum-inte
00004300: 6e73 6976 6520 7665 6869 636c 652c 2075  nsive vehicle, u
00004310: 7369 6e67 2073 7465 656c 2070 7269 6d61  sing steel prima
00004320: 7269 6c79 2066 6f72 2074 6865 2066 7261  rily for the fra
00004330: 6d65 2072 6169 6c73 3b20 636f 6d70 6172  me rails; compar
00004340: 6564 2074 6f20 7468 6520 5356 5420 5261  ed to the SVT Ra
00004350: 7074 6f72 2c20 6375 7262 2077 6569 6768  ptor, curb weigh
00004360: 7420 7761 7320 7265 6475 6365 6420 6279  t was reduced by
00004370: 206f 7665 7220 3530 3020 706f 756e 6473   over 500 pounds
00004380: 2e0a 4173 2077 6974 6820 7468 6520 7072  ..As with the pr
00004390: 6576 696f 7573 2067 656e 6572 6174 696f  evious generatio
000043a0: 6e2c 2074 6865 2052 6170 746f 7220 7265  n, the Raptor re
000043b0: 7461 696e 6564 2046 6f78 2052 6163 696e  tained Fox Racin
000043c0: 6720 696e 7465 726e 616c 2d62 7970 6173  g internal-bypas
000043d0: 7320 7368 6f63 6b73 2077 6974 6820 6578  s shocks with ex
000043e0: 7465 726e 616c 2072 6573 6572 766f 6972  ternal reservoir
000043f0: 732e 2057 6974 6820 6c61 7267 6572 2073  s. With larger s
00004400: 686f 636b 7320 2833 2069 6e63 6865 732c  hocks (3 inches,
00004410: 2075 7020 6672 6f6d 2032 2e35 292c 2077   up from 2.5), w
00004420: 6865 656c 2074 7261 7665 6c20 696e 6372  heel travel incr
00004430: 6561 7365 6420 746f 2031 3320 696e 6368  eased to 13 inch
00004440: 6573 2066 6f72 2074 6865 2066 726f 6e74  es for the front
00004450: 2061 786c 6520 2831 332e 3920 666f 7220   axle (13.9 for 
00004460: 7468 6520 7265 6172 292e 2041 6e20 616c  the rear). An al
00004470: 6c2d 6e65 7720 7472 616e 7366 6572 2063  l-new transfer c
00004480: 6173 6520 7761 7320 696e 7472 6f64 7563  ase was introduc
00004490: 6564 3b20 6120 746f 7271 7565 2d6f 6e2d  ed; a torque-on-
000044a0: 6465 6d61 6e64 2073 7973 7465 6d2c 2074  demand system, t
000044b0: 6865 2064 6573 6967 6e20 636f 6d62 696e  he design combin
000044c0: 6564 2074 6865 206f 6e2d 6465 6d61 6e64  ed the on-demand
000044d0: 2063 6170 6162 696c 6974 7920 6f66 2061   capability of a
000044e0: 6c6c 2d77 6865 656c 2064 7269 7665 2077  ll-wheel drive w
000044f0: 6974 6820 7468 6520 6475 7261 6269 6c69  ith the durabili
00004500: 7479 206f 6620 666f 7572 2d77 6865 656c  ty of four-wheel
00004510: 2064 7269 7665 2e20 5769 7468 2061 2077   drive. With a w
00004520: 6964 656e 6564 2074 7261 636b 206f 7665  idened track ove
00004530: 7220 7468 6520 462d 3135 302c 2074 6865  r the F-150, the
00004540: 2052 6170 746f 7220 6167 6169 6e20 7573   Raptor again us
00004550: 6564 2061 206c 6561 662d 7370 7275 6e67  ed a leaf-sprung
00004560: 2072 6561 7220 6178 6c65 2061 6e64 2075   rear axle and u
00004570: 7070 6572 2061 6e64 206c 6f77 6572 2041  pper and lower A
00004580: 2d61 726d 7320 666f 7220 7468 6520 6672  -arms for the fr
00004590: 6f6e 7420 6178 6c65 2e20 466f 7220 3230  ont axle. For 20
000045a0: 3139 2c20 7468 6520 466f 7820 5261 6369  19, the Fox Raci
000045b0: 6e67 2073 686f 636b 7320 7765 7265 2075  ng shocks were u
000045c0: 7064 6174 6564 2077 6974 6820 224c 6976  pdated with "Liv
000045d0: 6520 5661 6c76 6522 2063 6170 6162 696c  e Valve" capabil
000045e0: 6974 792c 2061 7574 6f6d 6174 6963 616c  ity, automatical
000045f0: 6c79 2061 646a 7573 7469 6e67 2066 6f72  ly adjusting for
00004600: 2074 6865 2074 6572 7261 696e 2e0a 4173   the terrain..As
00004610: 2062 6566 6f72 652c 2033 352d 696e 6368   before, 35-inch
00004620: 2061 6c6c 2d74 6572 7261 696e 2074 6972   all-terrain tir
00004630: 6573 2077 6572 6520 6669 7474 6564 2074  es were fitted t
00004640: 6f20 3137 2d69 6e63 6820 7768 6565 6c73  o 17-inch wheels
00004650: 3b20 6173 2061 2072 6172 6520 6f70 7469  ; as a rare opti
00004660: 6f6e 2066 6f72 2061 206d 6173 732d 7072  on for a mass-pr
00004670: 6f64 7563 6564 2076 6568 6963 6c65 2c20  oduced vehicle, 
00004680: 466f 7264 206f 6666 6572 6564 2062 6561  Ford offered bea
00004690: 642d 6c6f 636b 2077 6865 656c 7320 746f  d-lock wheels to
000046a0: 2070 7265 7665 6e74 2074 6972 6520 6265   prevent tire be
000046b0: 6164 2073 6570 6172 6174 696f 6e20 6672  ad separation fr
000046c0: 6f6d 2074 6865 2077 6865 656c 2061 7420  om the wheel at 
000046d0: 6c6f 7720 7072 6573 7375 7265 732e 0a49  low pressures..I
000046e0: 6e20 6120 7369 676e 6966 6963 616e 7420  n a significant 
000046f0: 6465 7061 7274 7572 6520 6672 6f6d 2069  departure from i
00004700: 7473 2070 7265 6465 6365 7373 6f72 2c20  ts predecessor, 
00004710: 7468 6520 7365 636f 6e64 2d67 656e 6572  the second-gener
00004720: 6174 696f 6e20 5261 7074 6f72 2077 6173  ation Raptor was
00004730: 206e 6f74 206f 6666 6572 6564 2077 6974   not offered wit
00004740: 6820 6120 5638 2065 6e67 696e 652e 2049  h a V8 engine. I
00004750: 6e73 7465 6164 2c20 6974 2075 7365 7320  nstead, it uses 
00004760: 6120 6869 6768 2d6f 7574 7075 7420 7365  a high-output se
00004770: 636f 6e64 2d67 656e 6572 6174 696f 6e20  cond-generation 
00004780: 332e 354c 2045 636f 426f 6f73 7420 7477  3.5L EcoBoost tw
00004790: 696e 2d74 7572 626f 6368 6172 6765 6420  in-turbocharged 
000047a0: 6761 736f 6c69 6e65 2056 362c 2077 6869  gasoline V6, whi
000047b0: 6368 2069 7320 6120 6465 7475 6e65 6420  ch is a detuned 
000047c0: 7665 7273 696f 6e20 6f66 2074 6865 2065  version of the e
000047d0: 6e67 696e 6520 7573 6564 2069 6e20 7468  ngine used in th
000047e0: 6520 466f 7264 2047 542c 2072 6174 6564  e Ford GT, rated
000047f0: 2061 7420 3435 3020 6870 2061 6e64 2035   at 450 hp and 5
00004800: 3130 206c 622d 6674 206f 6620 746f 7271  10 lb-ft of torq
00004810: 7565 2c20 7768 6963 6820 6974 2061 6c73  ue, which it als
00004820: 6f20 7368 6172 6573 2077 6974 6820 7468  o shares with th
00004830: 6520 4c69 6e63 6f6c 6e20 4e61 7669 6761  e Lincoln Naviga
00004840: 746f 722e 2054 6865 2032 3031 3720 5261  tor. The 2017 Ra
00004850: 7074 6f72 206d 6172 6b65 6420 7468 6520  ptor marked the 
00004860: 6465 6275 7420 6f66 2074 6865 2031 302d  debut of the 10-
00004870: 7370 6565 6420 3130 5238 3020 6175 746f  speed 10R80 auto
00004880: 6d61 7469 6320 7472 616e 736d 6973 7369  matic transmissi
00004890: 6f6e 2c20 7468 6520 6669 7273 7420 6e6f  on, the first no
000048a0: 6e2d 636f 6d6d 6572 6369 616c 2076 6568  n-commercial veh
000048b0: 6963 6c65 2066 6974 7465 6420 7769 7468  icle fitted with
000048c0: 2061 2031 302d 7370 6565 6420 7472 616e   a 10-speed tran
000048d0: 736d 6973 7369 6f6e 2028 6f66 2061 6e79  smission (of any
000048e0: 2074 7970 6529 2e22 ad6d 0205 001d db4d   type).".m.....M
000048f0: 5375 7065 726d 616e 4d79 2073 6563 6f6e  SupermanMy secon
00004900: 6420 436f 6c6c 6563 7469 6f6e 2031 2f36  d Collection 1/6
00004910: 3420 6469 6563 6173 7420 6672 6f6d 2023  4 diecast from #
00004920: 6d61 6a6f 7265 7474 6520 6973 2074 6865  majorette is the
00004930: 2031 3936 3520 5368 656c 6279 204d 7573   1965 Shelby Mus
00004940: 7461 6e67 2047 5433 3530 2069 6e20 5769  tang GT350 in Wi
00004950: 6d62 6c65 646f 6e20 5768 6974 6520 2877  mbledon White (w
00004960: 6974 6820 4775 6172 6473 6d61 6e20 426c  ith Guardsman Bl
00004970: 7565 2066 6f72 2074 6865 2072 6f63 6b65  ue for the rocke
00004980: 7220 7374 7269 7065 7320 646f 776e 2074  r stripes down t
00004990: 6865 2073 6964 6520 616e 6420 7468 6520  he side and the 
000049a0: 7769 6465 2022 4c65 204d 616e 7322 2073  wide "Le Mans" s
000049b0: 7472 6970 6573 2066 726f 6d20 6672 6f6e  tripes from fron
000049c0: 7420 746f 2062 6163 6b20 6163 726f 7373  t to back across
000049d0: 2074 6865 2074 6f70 292e 0a42 6173 6564   the top)..Based
000049e0: 206f 6e20 7468 6520 3238 3920 6369 2046   on the 289 ci F
000049f0: 6f72 6420 4d75 7374 616e 6720 322b 3220  ord Mustang 2+2 
00004a00: 4661 7374 6261 636b 2066 726f 6d20 7468  Fastback from th
00004a10: 6520 6561 726c 7920 2736 3073 2c20 7468  e early '60s, th
00004a20: 6520 5368 656c 6279 204d 7573 7461 6e67  e Shelby Mustang
00004a30: 2047 5433 3530 2065 6172 6e65 6420 6974   GT350 earned it
00004a40: 7320 6e61 6d65 2061 7320 6120 6a6f 6b65  s name as a joke
00004a50: 2061 6674 6572 206d 756c 7469 706c 6520   after multiple 
00004a60: 6469 7361 6772 6565 6d65 6e74 7320 6265  disagreements be
00004a70: 7477 6565 6e20 466f 7264 2061 6e64 2053  tween Ford and S
00004a80: 6865 6c62 7920 6f6e 2077 6861 7420 746f  helby on what to
00004a90: 206e 616d 6520 7468 6520 6361 722e 2054   name the car. T
00004aa0: 6865 206d 6f73 7420 7765 6c6c 2d6b 6e6f  he most well-kno
00004ab0: 776e 2073 746f 7279 2069 7320 7468 6174  wn story is that
00004ac0: 2074 6865 2022 3335 3022 2069 6e20 2247   the "350" in "G
00004ad0: 2e54 2e20 3335 3022 2064 656e 6f74 6564  .T. 350" denoted
00004ae0: 2074 6865 2072 6f75 6768 6c79 2033 3530   the roughly 350
00004af0: 2066 6565 7420 6f72 2033 3530 2070 6163   feet or 350 pac
00004b00: 6573 206f 6620 6469 7374 616e 6365 2073  es of distance s
00004b10: 6570 6172 6174 696e 6720 7468 6520 5368  eparating the Sh
00004b20: 656c 6279 2041 6d65 7269 6361 6e20 776f  elby American wo
00004b30: 726b 7368 6f70 2061 7420 3130 3432 2050  rkshop at 1042 P
00004b40: 7269 6e63 6574 6f6e 2044 7269 7665 2c20  rinceton Drive, 
00004b50: 5665 6e69 6365 2c20 4341 2028 7468 6520  Venice, CA (the 
00004b60: 666f 726d 6572 206c 6f63 6174 696f 6e20  former location 
00004b70: 6f66 2074 6865 2052 6576 656e 746c 6f77  of the Reventlow
00004b80: 2052 6163 696e 6720 6661 6369 6c69 7479   Racing facility
00004b90: 2920 616e 6420 7468 6520 5368 656c 6279  ) and the Shelby
00004ba0: 2d6f 776e 6564 2043 6172 7465 7220 4275  -owned Carter Bu
00004bb0: 696c 6469 6e67 2061 6372 6f73 7320 7468  ilding across th
00004bc0: 6520 7374 7265 6574 2c20 6173 2077 6173  e street, as was
00004bd0: 2072 6570 6f72 7465 646c 7920 6d65 6173   reportedly meas
00004be0: 7572 6564 2062 7920 5368 656c 6279 2773  ured by Shelby's
00004bf0: 2063 6869 6566 2065 6e67 696e 6565 7220   chief engineer 
00004c00: 5068 696c 2052 656d 696e 6774 6f6e 2e20  Phil Remington. 
00004c10: 5468 6520 6361 7273 2c20 686f 7765 7665  The cars, howeve
00004c20: 722c 2077 6572 6520 616e 7974 6869 6e67  r, were anything
00004c30: 2062 7574 2061 206a 6f6b 6520 6f6e 2072   but a joke on r
00004c40: 6f61 6420 616e 6420 7472 6163 6b2e 200a  oad and track. .
00004c50: 5374 6172 7469 6e67 2077 6974 6820 466f  Starting with Fo
00004c60: 7264 2773 2068 6967 682d 7265 7676 696e  rd's high-revvin
00004c70: 6720 3238 3920 6369 2028 342e 3720 4c29  g 289 ci (4.7 L)
00004c80: 204b 2d63 6f64 6520 4869 6768 2050 6572   K-code High Per
00004c90: 666f 726d 616e 6365 2028 4869 506f 2920  formance (HiPo) 
00004ca0: 5638 2065 6e67 696e 652c 2043 6172 726f  V8 engine, Carro
00004cb0: 6c6c 2053 6865 6c62 7920 696e 6372 6561  ll Shelby increa
00004cc0: 7365 6420 7468 6520 656e 6769 6e65 206f  sed the engine o
00004cd0: 7574 7075 7420 6672 6f6d 2032 3731 2068  utput from 271 h
00004ce0: 7020 746f 2033 3036 2068 7020 7573 696e  p to 306 hp usin
00004cf0: 6720 6120 3731 3520 4346 4d20 666f 7572  g a 715 CFM four
00004d00: 2d62 6172 7265 6c20 6361 7262 7572 6574  -barrel carburet
00004d10: 6f72 2066 726f 6d20 486f 6c6c 6579 2074  or from Holley t
00004d20: 6f20 7265 706c 6163 6520 7468 6520 7374  o replace the st
00004d30: 6f63 6b20 3630 3020 4346 4d20 4175 746f  ock 600 CFM Auto
00004d40: 6c69 7465 2075 6e69 7420 696e 7374 616c  lite unit instal
00004d50: 6c65 6420 6279 2046 6f72 642c 2061 206c  led by Ford, a l
00004d60: 6967 6874 7765 6967 6874 2022 436f 6272  ightweight "Cobr
00004d70: 6120 6869 6768 2d72 6973 6522 2061 6c75  a high-rise" alu
00004d80: 6d69 6e75 6d20 6169 7220 696e 7461 6b65  minum air intake
00004d90: 2c20 7475 6275 6c61 7220 2254 7269 2d59  , tubular "Tri-Y
00004da0: 2220 6865 6164 6572 7320 616e 6420 6120  " headers and a 
00004db0: 6261 6666 6c65 6420 2243 6f62 7261 2220  baffled "Cobra" 
00004dc0: 616c 756d 696e 756d 206f 696c 2070 616e  aluminum oil pan
00004dd0: 206d 6561 7375 7269 6e67 2073 6576 656e   measuring seven
00004de0: 2061 6e64 2061 2068 616c 6620 7175 6172   and a half quar
00004df0: 7473 206f 6620 656e 6769 6e65 206f 696c  ts of engine oil
00004e00: 2076 6572 7375 7320 7468 6520 7374 616e   versus the stan
00004e10: 6461 7264 2066 6976 6520 7175 6172 7473  dard five quarts
00004e20: 206f 6e20 7468 6520 4b2d 636f 6465 2e20   on the K-code. 
00004e30: 5368 656c 6279 2072 6574 6169 6e65 6420  Shelby retained 
00004e40: 6d75 6368 2c20 6966 206e 6f74 2061 6c6c  much, if not all
00004e50: 2c20 6f66 2074 6865 2068 6561 7679 2d64  , of the heavy-d
00004e60: 7574 7920 7661 6c76 6574 7261 696e 2061  uty valvetrain a
00004e70: 6e64 2065 6e67 696e 6520 696e 7465 726e  nd engine intern
00004e80: 616c 7320 6f6e 2074 6865 204b 2d63 6f64  als on the K-cod
00004e90: 6520 4869 506f 2065 6e67 696e 6520 6275  e HiPo engine bu
00004ea0: 7420 7369 6d70 6c79 206d 6164 6520 6974  t simply made it
00004eb0: 2022 6272 6561 7468 6522 2062 6574 7465   "breathe" bette
00004ec0: 722e 2054 6865 206f 7269 6769 6e61 6c20  r. The original 
00004ed0: 656e 6769 6e65 2077 6173 2072 6174 6564  engine was rated
00004ee0: 2061 7420 3237 3120 6870 2061 7420 362c   at 271 hp at 6,
00004ef0: 3030 3020 7270 6d20 616e 6420 3331 3220  000 rpm and 312 
00004f00: 6c62 2d66 7420 6f66 2074 6f72 7175 6520  lb-ft of torque 
00004f10: 6174 2033 2c39 3030 2072 706d 2c20 7768  at 3,900 rpm, wh
00004f20: 6572 6561 7320 7468 6520 5368 656c 6279  ereas the Shelby
00004f30: 2065 6e67 696e 6520 7761 7320 7261 7465   engine was rate
00004f40: 6420 6174 2033 3036 2068 7020 6174 2036  d at 306 hp at 6
00004f50: 2c30 3030 2072 706d 2061 6e64 2033 3239  ,000 rpm and 329
00004f60: 206c 622d 6674 2061 7420 342c 3230 3020   lb-ft at 4,200 
00004f70: 7270 6d2e 2054 6861 7420 7261 7720 706f  rpm. That raw po
00004f80: 7765 7220 7570 2066 726f 6e74 2074 7572  wer up front tur
00004f90: 6e65 6420 7468 6520 7265 6172 2077 6865  ned the rear whe
00004fa0: 656c 7320 6279 206d 6174 696e 6720 7468  els by mating th
00004fb0: 6520 656e 6769 6e65 2076 6961 2061 2031  e engine via a 1
00004fc0: 302e 352d 696e 6368 2073 696e 676c 6520  0.5-inch single 
00004fd0: 6472 792d 6469 7363 206d 6563 0000 0004  dry-disc mec....
00004fe0: 1e01 0400 1737 486f 7764 7954 6869 7320  .....7HowdyThis 
00004ff0: 6973 206d 7920 6669 7273 7420 6e6f 7465  is my first note
00005000: 0d00 0000 0101 c100 01c1 0000 0000 0000  ................
00005010: 0000 0000 0000 0000 0000 0000 0000 0000  ................
00005020: 0000 0000 0000 0000 0000 0000 0000 0000  ................
00005030: 0000 0000 0000 0000 0000 0000 0000 0000  ................
00005040: 0000 0000 0000 0000 0000 0000 0000 0000  ................
00005050: 0000 0000 0000 0000 0000 0000 0000 0000  ................
00005060: 0000 0000 0000 0000 0000 0000 0000 0000  ................
00005070: 0000 0000 0000 0000 0000 0000 0000 0000  ................
00005080: 0000 0000 0000 0000 0000 0000 0000 0000  ................
00005090: 0000 0000 0000 0000 0000 0000 0000 0000  ................
000050a0: 0000 0000 0000 0000 0000 0000 0000 0000  ................
000050b0: 0000 0000 0000 0000 0000 0000 0000 0000  ................
000050c0: 0000 0000 0000 0000 0000 0000 0000 0000  ................
000050d0: 0000 0000 0000 0000 0000 0000 0000 0000  ................
000050e0: 0000 0000 0000 0000 0000 0000 0000 0000  ................
000050f0: 0000 0000 0000 0000 0000 0000 0000 0000  ................
00005100: 0000 0000 0000 0000 0000 0000 0000 0000  ................
00005110: 0000 0000 0000 0000 0000 0000 0000 0000  ................
00005120: 0000 0000 0000 0000 0000 0000 0000 0000  ................
00005130: 0000 0000 0000 0000 0000 0000 0000 0000  ................
00005140: 0000 0000 0000 0000 0000 0000 0000 0000  ................
00005150: 0000 0000 0000 0000 0000 0000 0000 0000  ................
00005160: 0000 0000 0000 0000 0000 0000 0000 0000  ................
00005170: 0000 0000 0000 0000 0000 0000 0000 0000  ................
00005180: 0000 0000 0000 0000 0000 0000 0000 0000  ................
00005190: 0000 0000 0000 0000 0000 0000 0000 0000  ................
000051a0: 0000 0000 0000 0000 0000 0000 0000 0000  ................
000051b0: 0000 0000 0000 0000 0000 0000 0000 0000  ................
000051c0: 009c 3c04 0500 1fb8 6952 6f73 616d 756e  ..<.....iRosamun
000051d0: 6461 5468 6520 416c 6661 2052 6f6d 656f  daThe Alfa Romeo
000051e0: 2053 7465 6c76 696f 2051 7561 6472 6966   Stelvio Quadrif
000051f0: 6f67 6c69 6f20 6973 2074 6865 2068 6967  oglio is the hig
00005200: 6865 7374 2074 7269 6d20 6c65 7665 6c20  hest trim level 
00005210: 6176 6169 6c61 626c 6520 6f6e 2074 6865  available on the
00005220: 2070 7265 2d66 6163 656c 6966 7420 416c   pre-facelift Al
00005230: 6661 2052 6f6d 656f 2053 7465 6c76 696f  fa Romeo Stelvio
00005240: 2028 5479 7065 2039 3439 292e 2054 6865   (Type 949). The
00005250: 2053 7465 6c76 696f 2051 7561 6472 6966   Stelvio Quadrif
00005260: 6f67 6c69 6f20 6973 2069 6e20 736f 6d65  oglio is in some
00005270: 2077 6179 7320 6120 6372 6f73 736f 7665   ways a crossove
00005280: 7220 5355 5620 7661 7269 6174 696f 6e20  r SUV variation 
00005290: 6f66 2074 6865 2041 6c66 6120 526f 6d65  of the Alfa Rome
000052a0: 6f20 4769 756c 6961 2051 7561 6472 6966  o Giulia Quadrif
000052b0: 6f67 6c69 6f2c 2077 6869 6368 2069 7320  oglio, which is 
000052c0: 6275 696c 7420 6f6e 2074 6865 2073 6861  built on the sha
000052d0: 7265 6420 4643 4120 4769 6f72 6769 6f20  red FCA Giorgio 
000052e0: 706c 6174 666f 726d 2028 616e 6420 626f  platform (and bo
000052f0: 7468 2063 6172 7320 6172 6520 6f66 6669  th cars are offi
00005300: 6369 616c 6c79 2063 6c61 7373 6966 6965  cially classifie
00005310: 6420 6173 2044 2d73 6567 6d65 6e74 206c  d as D-segment l
00005320: 6172 6765 2063 6172 7320 696e 2045 7572  arge cars in Eur
00005330: 6f70 6529 2e20 5468 6520 656e 6769 6e65  ope). The engine
00005340: 2070 726f 7065 6c6c 696e 6720 626f 7468   propelling both
00005350: 2063 6172 7320 6973 2074 6865 2036 3930   cars is the 690
00005360: 542e 2049 7420 6973 2061 2063 6c6f 7365  T. It is a close
00005370: 642d 6465 636b 2c20 616c 6c2d 616c 756d  d-deck, all-alum
00005380: 696e 6975 6d2c 2074 7769 6e2d 7475 7262  inium, twin-turb
00005390: 6f20 444f 4843 2039 30c2 b020 5636 2065  o DOHC 90.. V6 e
000053a0: 6e67 696e 6520 6d65 6173 7572 696e 6720  ngine measuring 
000053b0: 6174 2032 2c38 3931 2063 6320 286f 7665  at 2,891 cc (ove
000053c0: 7273 7175 6172 6520 3836 2e35 206d 6d20  rsquare 86.5 mm 
000053d0: 7820 3832 206d 6d29 2061 6e64 2077 6974  x 82 mm) and wit
000053e0: 6820 6120 636f 6d70 7265 7373 696f 6e20  h a compression 
000053f0: 7261 7469 6f20 6f66 2039 2e33 313a 3120  ratio of 9.31:1 
00005400: 616e 6420 616e 2069 646c 696e 6720 7370  and an idling sp
00005410: 6565 6420 6f66 2039 3530 2072 706d 2e20  eed of 950 rpm. 
00005420: 5468 6520 3639 3054 2069 7320 7261 7465  The 690T is rate
00005430: 6420 6174 2033 3735 206b 5720 2835 3130  d at 375 kW (510
00005440: 2050 5320 2f20 3530 3320 6870 2920 6174   PS / 503 hp) at
00005450: 2036 2c35 3030 2072 706d 2061 6e64 2036   6,500 rpm and 6
00005460: 3030 204e 6d20 2834 3433 206c 622d 6674  00 Nm (443 lb-ft
00005470: 2920 6f66 2074 6f72 7175 6520 6672 6f6d  ) of torque from
00005480: 2032 2c35 3030 2074 6f20 352c 3530 3020   2,500 to 5,500 
00005490: 7270 6d20 616e 6420 616e 2065 6c65 6374  rpm and an elect
000054a0: 726f 6e69 6361 6c6c 7920 6c69 6d69 7465  ronically limite
000054b0: 6420 7265 646c 696e 6520 6f66 2036 2c35  d redline of 6,5
000054c0: 3030 2072 706d 2c20 616c 7468 6f75 6768  00 rpm, although
000054d0: 206f 6666 6963 6961 6c6c 7920 7468 6520   officially the 
000054e0: 3639 3054 2063 616e 2073 7069 6e20 7570  690T can spin up
000054f0: 2074 6f20 372c 3430 3020 7270 6d20 6475   to 7,400 rpm du
00005500: 6520 746f 2074 6865 2073 7472 656e 6774  e to the strengt
00005510: 6820 6f66 2069 7473 206e 6974 7269 6465  h of its nitride
00005520: 2073 7465 656c 2063 7261 6e6b 7368 6166   steel crankshaf
00005530: 7420 616e 6420 616c 756d 696e 6975 6d20  t and aluminium 
00005540: 616c 6c6f 7920 7069 7374 6f6e 732e 2054  alloy pistons. T
00005550: 6865 2063 6172 2075 7365 7320 6120 7072  he car uses a pr
00005560: 6f70 7269 6574 6172 7920 6675 656c 2069  oprietary fuel i
00005570: 6e6a 6563 7469 6f6e 2073 7973 7465 6d20  njection system 
00005580: 636f 6d62 696e 696e 6720 6469 7265 6374  combining direct
00005590: 2061 6e64 2070 6f72 7420 696e 6a65 6374   and port inject
000055a0: 696f 6e20 7468 6174 2066 6565 6473 2070  ion that feeds p
000055b0: 7265 6d69 756d 2075 6e6c 6561 6465 6420  remium unleaded 
000055c0: 7065 7472 6f6c 2028 7261 7465 6420 3931  petrol (rated 91
000055d0: 2041 4b49 206f 7220 3935 2052 4f4e 2064   AKI or 95 RON d
000055e0: 6570 656e 6469 6e67 206f 6e20 6d61 726b  epending on mark
000055f0: 6574 2920 6672 6f6d 2074 6865 2063 6172  et) from the car
00005600: 2773 2036 342d 6c69 7465 7220 6675 656c  's 64-liter fuel
00005610: 2074 616e 6b20 2835 3820 6c69 7465 7273   tank (58 liters
00005620: 2066 6f72 2074 6865 2047 6975 6c69 6120   for the Giulia 
00005630: 5175 6164 7269 666f 676c 696f 292e 2054  Quadrifoglio). T
00005640: 6865 2065 6e67 696e 6520 7573 6573 2061  he engine uses a
00005650: 2070 6169 7220 6f66 2049 4849 2d73 6f75   pair of IHI-sou
00005660: 7263 6564 2073 696e 676c 652d 7363 726f  rced single-scro
00005670: 6c6c 2074 7572 626f 206d 616e 6966 6f6c  ll turbo manifol
00005680: 6473 2028 756e 6c69 6b65 2074 6865 2064  ds (unlike the d
00005690: 6972 6563 7420 6d6f 756e 7420 7475 7262  irect mount turb
000056a0: 6f73 206f 6e20 7468 6520 4769 756c 6961  os on the Giulia
000056b0: 2051 7561 6472 6966 6f67 6c69 6f29 2077   Quadrifoglio) w
000056c0: 6974 6820 7761 7465 7220 6368 6172 6765  ith water charge
000056d0: 2061 6972 2063 6f6f 6c65 7273 2061 6e64   air coolers and
000056e0: 2069 7320 6571 7569 7070 6564 2077 6974   is equipped wit
000056f0: 6820 5374 6f70 2f53 7461 7274 2061 6e64  h Stop/Start and
00005700: 2063 796c 696e 6465 7220 6465 6163 7469   cylinder deacti
00005710: 7661 7469 6f6e 2066 6f72 2066 7565 6c20  vation for fuel 
00005720: 6566 6669 6369 656e 6379 2028 666f 7220  efficiency (for 
00005730: 6120 6d61 7869 6d75 6d20 6f66 2072 6f75  a maximum of rou
00005740: 6768 6c79 2032 3520 6d70 6720 6f72 2031  ghly 25 mpg or 1
00005750: 302e 3632 206b 6d70 6c29 2e20 5468 6520  0.62 kmpl). The 
00005760: 3639 3054 2069 7320 6d61 7465 6420 696e  690T is mated in
00005770: 2074 6865 2053 7465 6c76 696f 2051 7561   the Stelvio Qua
00005780: 6472 6966 6f67 6c69 6f20 746f 2061 205a  drifoglio to a Z
00005790: 4620 3848 5037 3520 382d 7370 6565 6420  F 8HP75 8-speed 
000057a0: 6175 746f 6d61 7469 6320 7769 7468 2061  automatic with a
000057b0: 2066 696e 616c 2064 7269 7665 206f 6620   final drive of 
000057c0: 332e 3733 3a31 2061 6e64 2073 6869 6674  3.73:1 and shift
000057d0: 2074 696d 6573 2061 7320 6c6f 7720 6173   times as low as
000057e0: 2031 3530 206d 696c 6c69 7365 636f 6e64   150 millisecond
000057f0: 732e 2054 6865 2062 7261 6b69 6e67 2073  s. The braking s
00005800: 7973 7465 6d20 6173 2073 7461 6e64 6172  ystem as standar
00005810: 6420 7573 6573 2042 7265 6d62 6f2d 736f  d uses Brembo-so
00005820: 7572 6365 6420 7665 6e74 6564 2073 7465  urced vented ste
00005830: 656c 2072 6f74 6f72 7320 7769 7468 206d  el rotors with m
00005840: 6f6e 6f62 6c6f 6320 616c 756d 696e 6975  onobloc aluminiu
00005850: 6d20 6361 6c69 7065 7273 2e20 5468 6520  m calipers. The 
00005860: 6672 6f6e 7420 7768 6565 6c73 2061 7265  front wheels are
00005870: 2065 7175 6970 7065 6420 7769 7468 2033   equipped with 3
00005880: 3630 206d 6d20 7820 3332 206d 6d20 6672  60 mm x 32 mm fr
00005890: 6f6e 7420 726f 746f 7273 2077 6974 6820  ont rotors with 
000058a0: 7369 782d 7069 7374 6f6e 2063 616c 6970  six-piston calip
000058b0: 6572 7320 7768 696c 6520 7468 6520 7265  ers while the re
000058c0: 6172 2069 7320 6571 7569 7070 6564 2077  ar is equipped w
000058d0: 6974 6820 3335 3020 6d6d 2078 2032 3820  ith 350 mm x 28 
000058e0: 6d6d 2072 6f74 6f72 7320 7769 7468 2066  mm rotors with f
000058f0: 6f75 722d 7069 7374 6f6e 2063 616c 6970  our-piston calip
00005900: 6572 732e 2054 6865 206f 7074 696f 6e61  ers. The optiona
00005910: 6c20 4272 656d 626f 2043 434d 206b 6974  l Brembo CCM kit
00005920: 2075 7365 7320 6c61 7267 6572 2063 6172   uses larger car
00005930: 626f 6e2d 6365 7261 6d69 6320 6272 616b  bon-ceramic brak
00005940: 6573 2077 6974 6820 3339 3020 6d6d 2078  es with 390 mm x
00005950: 2033 3620 6d6d 2066 726f 6e74 2072 6f74   36 mm front rot
00005960: 6f72 7320 616e 6420 3336 3020 6d6d 2078  ors and 360 mm x
00005970: 2032 3820 6d6d 2072 6561 7220 726f 746f   28 mm rear roto
00005980: 7273 2061 6e64 2075 6e63 6861 6e67 6564  rs and unchanged
00005990: 2063 616c 6970 6572 732e 2054 6865 2063   calipers. The c
000059a0: 6172 2069 7320 6571 7569 7070 6564 2061  ar is equipped a
000059b0: 7320 7374 616e 6461 7264 2077 6974 6820  s standard with 
000059c0: 3235 352f 3435 2052 3230 2031 3031 5920  255/45 R20 101Y 
000059d0: 6672 6f6e 7420 7479 7265 7320 6f6e 2039  front tyres on 9
000059e0: 4a20 7820 3230 2d69 6e63 6820 4554 3239  J x 20-inch ET29
000059f0: 2077 6865 656c 7320 616e 6420 3238 352f   wheels and 285/
00005a00: 3430 2052 3230 2031 3034 5920 7479 7265  40 R20 104Y tyre
00005a10: 7320 6f6e 2031 304a 2078 2032 302d 696e  s on 10J x 20-in
00005a20: 6368 2045 5433 3420 7768 6565 6c73 2e20  ch ET34 wheels. 
00005a30: 4e6f 7461 626c 792c 2074 6865 2053 7465  Notably, the Ste
00005a40: 6c76 696f 2051 7561 6472 6966 6f67 6c69  lvio Quadrifogli
00005a50: 6f20 6973 2065 7175 6970 7065 6420 7769  o is equipped wi
00005a60: 7468 2041 6c66 6120 526f 6d65 6f27 7320  th Alfa Romeo's 
00005a70: 7072 6f70 7269 6574 6172 7920 5134 2061  proprietary Q4 a
00005a80: 6c6c 2d77 6865 656c 2d64 7269 7665 2073  ll-wheel-drive s
00005a90: 7973 7465 6d20 7769 7468 2074 6f72 7175  ystem with torqu
00005aa0: 6520 7665 6374 6f72 696e 6720 6469 6666  e vectoring diff
00005ab0: 6572 656e 7469 616c 7320 6173 2074 6865  erentials as the
00005ac0: 206f 6e6c 7920 6472 6976 6574 7261 696e   only drivetrain
00005ad0: 206f 7074 696f 6e2c 206a 7573 7420 6173   option, just as
00005ae0: 2074 6865 2047 6975 6c69 6120 5175 6164   the Giulia Quad
00005af0: 7269 666f 676c 696f 2069 7320 6f6e 6c79  rifoglio is only
00005b00: 2061 7661 696c 6162 6c65 2077 6974 6820   available with 
00005b10: 7265 6172 2077 6865 656c 2064 7269 7665  rear wheel drive
00005b20: 2e20 436f 6e73 6571 7565 6e74 6c79 2c20  . Consequently, 
00005b30: 7468 6520 5374 656c 7669 6f20 5175 6164  the Stelvio Quad
00005b40: 7269 666f 676c 696f 2068 6173 2061 6e20  rifoglio has an 
00005b50: 6f66 6669 6369 616c 206b 6572 6220 7765  official kerb we
00005b60: 6967 6874 206f 6620 312c 3937 3820 6b67  ight of 1,978 kg
00005b70: 2028 6e65 6172 6c79 2032 3530 206b 6720   (nearly 250 kg 
00005b80: 6d6f 7265 2074 6861 6e20 7468 6520 4769  more than the Gi
00005b90: 756c 6961 2051 7561 6472 6966 6f67 6c69  ulia Quadrifogli
00005ba0: 6f29 2062 7574 2069 7420 6361 6e20 6163  o) but it can ac
00005bb0: 6365 6c65 7261 7465 2066 726f 6d20 7a65  celerate from ze
00005bc0: 726f 2074 6f20 3130 3020 6b6d 2f68 2069  ro to 100 km/h i
00005bd0: 6e20 332e 3820 7365 636f 6e64 7320 616e  n 3.8 seconds an
00005be0: 6420 7265 6163 6820 6120 746f 7020 7370  d reach a top sp
00005bf0: 6565 6420 6f66 2031 3736 206d 7068 206f  eed of 176 mph o
00005c00: 7220 3238 3320 6b6d 2f68 2e20 5468 6520  r 283 km/h. The 
00005c10: 5374 656c 7669 6f20 5175 6164 7269 666f  Stelvio Quadrifo
00005c20: 676c 696f 206d 6561 7375 7265 7320 6174  glio measures at
00005c30: 2034 2c37 3032 206d 6d20 7820 312c 3935   4,702 mm x 1,95
00005c40: 3520 6d6d 2078 2031 2c36 3835 206d 6d20  5 mm x 1,685 mm 
00005c50: 7769 7468 2061 2077 6865 656c 6261 7365  with a wheelbase
00005c60: 206f 6620 322c 3831 3820 6d6d 2c20 6772   of 2,818 mm, gr
00005c70: 6f75 6e64 2063 6c65 6172 616e 6365 206f  ound clearance o
00005c80: 6620 3230 3120 6d6d 2061 6e64 2066 726f  f 201 mm and fro
00005c90: 6e74 2061 6e64 2072 6561 7220 7472 6163  nt and rear trac
00005ca0: 6b73 206d 6561 7375 7269 6e67 2031 2c35  ks measuring 1,5
00005cb0: 3535 206d 6d20 616e 6420 312c 3630 3820  55 mm and 1,608 
00005cc0: 6d6d 2072 6573 7065 6374 6976 656c 792e  mm respectively.
00005cd0: 2054 6865 2062 6f6f 7420 7370 6163 6520   The boot space 
00005ce0: 6d65 6173 7572 6573 2061 7420 3532 3520  measures at 525 
00005cf0: 6c69 7465 7273 2062 7574 2063 616e 2062  liters but can b
00005d00: 6520 6578 7061 6e64 6564 2074 6f20 312c  e expanded to 1,
00005d10: 3630 3020 6c69 7465 7273 2062 7920 636f  600 liters by co
00005d20: 6c6c 6170 7369 6e67 2074 6865 2072 6561  llapsing the rea
00005d30: 7220 7365 6174 732c 2061 6e64 2074 6865  r seats, and the
00005d40: 2063 6172 2061 6c73 6f20 6861 7320 616e   car also has an
00005d50: 206f 6666 6963 6961 6c20 746f 7769 6e67   official towing
00005d60: 2063 6170 6163 6974 7920 6f66 2033 2c30   capacity of 3,0
00005d70: 3030 206c 6220 6f72 2031 2c33 3631 206b  00 lb or 1,361 k
00005d80: 672e 2044 6573 7069 7465 2062 6569 6e67  g. Despite being
00005d90: 2061 2066 756e 6461 6d65 6e74 616c 6c79   a fundamentally
00005da0: 2075 7469 6c69 7461 7269 616e 2053 5556   utilitarian SUV
00005db0: 2061 6e64 2073 6f6d 6574 6869 6e67 206f   and something o
00005dc0: 6620 6120 6461 696c 7920 6472 6976 6572  f a daily driver
00005dd0: 2066 6f72 2061 2073 6d61 6c6c 2066 616d   for a small fam
00005de0: 696c 792c 2074 6865 2041 6c66 6120 526f  ily, the Alfa Ro
00005df0: 6d65 6f20 5374 656c 7669 6f20 5175 6164  meo Stelvio Quad
00005e00: 7269 666f 676c 696f 2077 6173 206f 6e63  rifoglio was onc
00005e10: 6520 7468 6520 776f 726c 6427 7320 6661  e the world's fa
00005e20: 7374 6573 7420 7072 6f64 7563 7469 6f6e  stest production
00005e30: 2053 5556 2061 726f 756e 6420 7468 6520   SUV around the 
00005e40: 4ec3 bc72 6275 7267 7269 6e67 204e 6f72  N..rburgring Nor
00005e50: 6473 6368 6c65 6966 652c 2073 6574 7469  dschleife, setti
00005e60: 6e67 2061 206c 6170 2072 6563 6f72 6420  ng a lap record 
00005e70: 6f66 2037 206d 696e 7574 6573 2061 6e64  of 7 minutes and
00005e80: 2035 312e 3720 7365 636f 6e64 7320 6173   51.7 seconds as
00005e90: 2064 7269 7665 6e20 6279 2046 6162 696f   driven by Fabio
00005ea0: 2046 7261 6e63 6961 206f 6e20 3239 2053   Francia on 29 S
00005eb0: 6570 7465 6d62 6572 2032 3031 372e 2046  eptember 2017. F
00005ec0: 6f72 2074 6865 2072 6563 6f72 642c 2074  or the record, t
00005ed0: 6865 2066 6173 7465 7374 2070 726f 6475  he fastest produ
00005ee0: 6374 696f 6e20 5355 5620 6174 2074 6861  ction SUV at tha
00005ef0: 7420 7469 6d65 2077 6173 2074 6865 2035  t time was the 5
00005f00: 3632 2068 7020 506f 7273 6368 6520 4361  62 hp Porsche Ca
00005f10: 7965 6e6e 6520 5475 7262 6f20 5320 7265  yenne Turbo S re
00005f20: 636f 7264 696e 6720 3720 6d69 6e75 7465  cording 7 minute
00005f30: 7320 616e 6420 3539 2e37 3420 7365 636f  s and 59.74 seco
00005f40: 6e64 7320 696e 2032 3031 342e 2054 6865  nds in 2014. The
00005f50: 2063 7572 7265 6e74 2072 6563 6f72 6420   current record 
00005f60: 686f 6c64 6572 2069 7320 7468 6520 4175  holder is the Au
00005f70: 6469 2052 5320 5138 2050 6572 666f 726d  di RS Q8 Perform
00005f80: 616e 6365 2077 6869 6368 2073 6574 2061  ance which set a
00005f90: 204e 6f72 6473 6368 6c65 6966 6520 7072   Nordschleife pr
00005fa0: 6f64 7563 7469 6f6e 2053 5556 2072 6563  oduction SUV rec
00005fb0: 6f72 6420 6f66 2037 206d 696e 7574 6573  ord of 7 minutes
00005fc0: 2061 6e64 2033 362e 3639 3820 7365 636f   and 36.698 seco
00005fd0: 6e64 7320 6f6e 2032 3520 4a75 6e65 2032  nds on 25 June 2
00005fe0: 3032 3420 6173 2064 7269 7665 6e20 6279  024 as driven by
00005ff0: 2046 7261 6e6b 2053 7469 7070 6c65 722e   Frank Stippler.
00006000: 0000 0000 2074 6865 2064 6179 2e0a 5468  .... the day..Th
00006010: 6520 3136 2d76 616c 7665 2044 4f48 4320  e 16-valve DOHC 
00006020: 666f 7572 2d62 616e 6765 7220 7072 6f70  four-banger prop
00006030: 656c 6c69 6e67 2074 6869 7320 7665 6869  elling this vehi
00006040: 636c 6520 7761 7320 7468 6520 6d69 6768  cle was the migh
00006050: 7479 2045 4a32 3047 2073 6572 6965 7320  ty EJ20G series 
00006060: 7475 7262 6f63 6861 7267 6564 2068 6f72  turbocharged hor
00006070: 697a 6f6e 7461 6c6c 7920 6f70 706f 7365  izontally oppose
00006080: 6420 2822 626f 7865 7222 2920 636c 6f73  d ("boxer") clos
00006090: 6564 2d64 6563 6b20 666f 7572 2d63 796c  ed-deck four-cyl
000060a0: 696e 6465 7220 6972 6f6e 2062 6c6f 636b  inder iron block
000060b0: 2065 6e67 696e 6520 7261 7465 6420 6174   engine rated at
000060c0: 2032 3430 2050 5320 2832 3337 2068 7029   240 PS (237 hp)
000060d0: 206f 6620 6f75 7470 7574 2061 7420 362c   of output at 6,
000060e0: 3030 3020 7270 6d20 616e 6420 3330 3420  000 rpm and 304 
000060f0: 4e6d 2028 3232 3420 6c62 2d66 7429 206f  Nm (224 lb-ft) o
00006100: 6620 746f 7271 7565 2061 7420 352c 3030  f torque at 5,00
00006110: 3020 7270 6d20 7769 7468 2061 2072 6564  0 rpm with a red
00006120: 6c69 6e65 206f 6620 372c 3030 3020 7270  line of 7,000 rp
00006130: 6d2e 2046 7565 6c20 7761 7320 7375 7070  m. Fuel was supp
00006140: 6c69 6564 2066 726f 6d20 6120 3630 2d6c  lied from a 60-l
00006150: 6974 6572 2066 7565 6c20 7461 6e6b 2e20  iter fuel tank. 
00006160: 5468 6520 4575 726f 7065 616e 2065 7870  The European exp
00006170: 6f72 7420 6d6f 6465 6c20 6f66 2074 6865  ort model of the
00006180: 2049 6d70 7265 7a61 2057 5258 202d 2074   Impreza WRX - t
00006190: 6865 2049 6d70 7265 7a61 2047 542c 206c  he Impreza GT, l
000061a0: 696b 6520 6974 7320 554b 2063 6f75 6e74  ike its UK count
000061b0: 6572 7061 7274 2028 7468 6520 496d 7072  erpart (the Impr
000061c0: 657a 6120 5475 7262 6f20 3230 3030 2920  eza Turbo 2000) 
000061d0: 2d20 7265 6365 6976 6564 2061 2064 6574  - received a det
000061e0: 756e 6564 2065 6e67 696e 6520 6174 2032  uned engine at 2
000061f0: 3038 2050 5320 666f 7220 656d 6973 7369  08 PS for emissi
00006200: 6f6e 7320 6e6f 726d 732e 200a 5769 7468  ons norms. .With
00006210: 2061 2063 6f6d 7072 6573 7369 6f6e 2072   a compression r
00006220: 6174 696f 206f 6620 382e 353a 3120 616e  atio of 8.5:1 an
00006230: 6420 6120 6661 6374 6f72 7920 626f 6f73  d a factory boos
00006240: 7420 6f66 2061 726f 756e 6420 3131 2e36  t of around 11.6
00006250: 2070 7369 2028 302e 3820 6261 7229 2c20   psi (0.8 bar), 
00006260: 7468 6520 3139 3934 2063 6320 6675 656c  the 1994 cc fuel
00006270: 2d69 6e6a 6563 7465 6420 454a 3230 4720  -injected EJ20G 
00006280: 656e 6769 6e65 2028 3932 206d 6d20 626f  engine (92 mm bo
00006290: 7265 2078 2037 3520 6d6d 2073 7472 6f6b  re x 75 mm strok
000062a0: 6529 206f 6620 7468 6520 5752 5820 7761  e) of the WRX wa
000062b0: 7320 6571 7569 7070 6564 2077 6974 6820  s equipped with 
000062c0: 616e 204d 4849 2054 4430 3548 2d31 3647  an MHI TD05H-16G
000062d0: 2074 7572 626f 6368 6172 6765 7220 2877   turbocharger (w
000062e0: 6974 6820 6120 736f 6c65 6e6f 6964 2d63  ith a solenoid-c
000062f0: 6f6e 7472 6f6c 6c65 6420 7761 7374 6567  ontrolled wasteg
00006300: 6174 6529 2c20 7761 7320 6d61 6e61 6765  ate), was manage
00006310: 6420 6279 2061 2048 6974 6163 6869 2045  d by a Hitachi E
00006320: 4355 2c20 616e 6420 6d61 7465 6420 746f  CU, and mated to
00006330: 2061 2066 6976 652d 7370 6565 6420 6d61   a five-speed ma
00006340: 6e75 616c 2067 6561 7262 6f78 2061 6e64  nual gearbox and
00006350: 2061 2066 6f75 722d 7768 6565 6c20 6472   a four-wheel dr
00006360: 6976 6520 7379 7374 656d 2077 6974 6820  ive system with 
00006370: 6120 7669 7363 6f75 7320 6c69 6d69 7465  a viscous limite
00006380: 642d 736c 6970 2063 656e 7465 7220 6469  d-slip center di
00006390: 6666 6572 656e 7469 616c 2061 6e64 2061  fferential and a
000063a0: 6e20 5231 3630 2076 6973 636f 7573 2072  n R160 viscous r
000063b0: 6561 7220 6c69 6d69 7465 642d 736c 6970  ear limited-slip
000063c0: 2064 6966 6665 7265 6e74 6961 6c20 7769   differential wi
000063d0: 7468 2061 2066 696e 616c 2064 7269 7665  th a final drive
000063e0: 206f 6620 342e 3131 313a 312e 200a 5374   of 4.111:1. .St
000063f0: 616e 6461 7264 2077 6865 656c 7320 6f6e  andard wheels on
00006400: 2074 6865 2049 6d70 7265 7a61 2057 5258   the Impreza WRX
00006410: 2077 6572 6520 364a 2078 2031 352d 696e   were 6J x 15-in
00006420: 6368 2061 6c75 6d69 6e75 6d20 616c 6c6f  ch aluminum allo
00006430: 7920 4554 3535 2077 6865 656c 7320 7769  y ET55 wheels wi
00006440: 7468 2032 3035 2f35 3552 2031 352d 696e  th 205/55R 15-in
00006450: 6368 2074 6972 6573 2e20 4272 616b 6573  ch tires. Brakes
00006460: 2077 6572 6520 7665 6e74 696c 6174 6564   were ventilated
00006470: 2064 6973 6373 202d 2032 3737 206d 6d20   discs - 277 mm 
00006480: 7570 2066 726f 6e74 2077 6974 6820 7477  up front with tw
00006490: 6f2d 7069 7374 6f6e 2063 616c 6970 6572  o-piston caliper
000064a0: 7320 616e 6420 3236 3620 6d6d 2069 6e20  s and 266 mm in 
000064b0: 7468 6520 7265 6172 2077 6974 6820 7369  the rear with si
000064c0: 6e67 6c65 2d70 6973 746f 6e20 6361 6c69  ngle-piston cali
000064d0: 7065 7273 2e20 4e6f 2073 7461 6e64 6172  pers. No standar
000064e0: 6420 4142 532c 206e 6f20 7472 6163 7469  d ABS, no tracti
000064f0: 6f6e 2063 6f6e 7472 6f6c 2c20 6e6f 2065  on control, no e
00006500: 6c65 6374 726f 6e69 6320 7468 726f 7474  lectronic thrott
00006510: 6c65 2c20 6e6f 2076 6172 6961 626c 6520  le, no variable 
00006520: 7661 6c76 6520 7469 6d69 6e67 2f6c 6966  valve timing/lif
00006530: 7420 6d65 6368 616e 6973 6d2c 2061 6e64  t mechanism, and
00006540: 2063 6572 7461 696e 6c79 206e 6f6e 6520   certainly none 
00006550: 6f66 2074 6865 206f 7468 6572 2066 616e  of the other fan
00006560: 6379 2061 6964 7320 2844 4343 442c 2079  cy aids (DCCD, y
00006570: 6177 2063 6f6e 7472 6f6c 2c20 4542 4420  aw control, EBD 
00006580: 6574 2063 6574 6572 6129 2074 6861 7420  et cetera) that 
00006590: 776f 756c 6420 6576 656e 7475 616c 6c79  would eventually
000065a0: 2064 6566 696e 6520 7468 6520 5752 5820   define the WRX 
000065b0: 6c69 6e65 6167 6520 7768 656e 2069 7420  lineage when it 
000065c0: 676f 7420 7468 6520 5354 6920 6261 6467  got the STi badg
000065d0: 6520 2853 5469 206d 6561 6e73 2053 7562  e (STi means Sub
000065e0: 6172 7520 5465 6368 6e69 6361 2049 6e74  aru Technica Int
000065f0: 6572 6e61 7469 6f6e 616c 202d 2074 6865  ernational - the
00006600: 2069 6e2d 686f 7573 6520 7065 7266 6f72   in-house perfor
00006610: 6d61 6e63 6520 6469 7669 7369 6f6e 206f  mance division o
00006620: 6620 5375 6261 7275 292e 200a 5768 6174  f Subaru). .What
00006630: 2074 6865 2057 5258 2064 6964 2068 6176   the WRX did hav
00006640: 652c 2068 6f77 6576 6572 2c20 7761 7320  e, however, was 
00006650: 6120 7261 6c6c 792d 7265 6164 7920 696e  a rally-ready in
00006660: 6465 7065 6e64 656e 7420 7375 7370 656e  dependent suspen
00006670: 7369 6f6e 2073 7973 7465 6d20 2d20 7374  sion system - st
00006680: 616e 6461 7264 204d 6163 5068 6572 736f  andard MacPherso
00006690: 6e20 7374 7275 7473 2077 6974 6820 636f  n struts with co
000066a0: 696c 6f76 6572 7320 616e 6420 616e 7469  ilovers and anti
000066b0: 2d72 6f6c 6c20 6261 7273 202d 2061 6e64  -roll bars - and
000066c0: 2074 6869 7320 7761 7320 6120 7379 7374   this was a syst
000066d0: 656d 2074 6861 7420 5375 6261 7275 2077  em that Subaru w
000066e0: 6f75 6c64 2070 6572 6665 6374 206f 7665  ould perfect ove
000066f0: 7220 7468 6520 6e65 7874 2064 6563 6164  r the next decad
00006700: 6520 676f 696e 6720 696e 746f 2074 6865  e going into the
00006710: 2047 4420 6765 6e65 7261 7469 6f6e 2028   GD generation (
00006720: 7768 6963 6820 696e 7472 6f64 7563 6564  which introduced
00006730: 2061 2073 7472 7574 2066 726f 6e74 202f   a strut front /
00006740: 206d 756c 7469 2d6c 696e 6b20 7265 6172   multi-link rear
00006750: 2073 6574 7570 2073 696d 696c 6172 2074   setup similar t
00006760: 6f20 7768 6174 204d 6974 7375 6269 7368  o what Mitsubish
00006770: 6920 6861 6420 6265 656e 2075 7369 6e67  i had been using
00006780: 206f 6e20 7468 6569 7220 4c61 6e63 6572   on their Lancer
00006790: 2045 766f 6c75 7469 6f6e 2066 616d 696c   Evolution famil
000067a0: 7929 2e20 0a46 6f72 2074 6865 2062 7261  y). .For the bra
000067b0: 7665 7220 636c 6965 6e74 656c 652c 2053  ver clientele, S
000067c0: 7562 6172 7520 616c 736f 2068 6164 2061  ubaru also had a
000067d0: 2054 7970 6520 5241 2028 5265 636f 7264   Type RA (Record
000067e0: 2041 7474 656d 7074 2920 7061 636b 6167   Attempt) packag
000067f0: 6520 666f 7220 7468 6520 496d 7072 657a  e for the Imprez
00006800: 6120 5752 5820 7374 6172 7469 6e67 204e  a WRX starting N
00006810: 6f76 656d 6265 7220 3139 3933 2074 6861  ovember 1993 tha
00006820: 7420 7075 7420 7468 6520 312c 3232 3020  t put the 1,220 
00006830: 6b67 2057 5258 206f 6e20 6120 6469 6574  kg WRX on a diet
00006840: 2074 6f20 7368 6564 2035 3020 6b67 202d   to shed 50 kg -
00006850: 2072 6564 7563 6564 2073 6f75 6e64 7072   reduced soundpr
00006860: 6f6f 6669 6e67 2c20 6e6f 2041 432c 206e  oofing, no AC, n
00006870: 6f20 706f 7765 7220 7769 6e64 6f77 732c  o power windows,
00006880: 206e 6f20 7374 6572 656f 2c20 6e6f 2070   no stereo, no p
00006890: 6f77 6572 2073 7465 6572 696e 672e 2041  ower steering. A
000068a0: 6c6c 2069 6e20 7468 6520 6e61 6d65 206f  ll in the name o
000068b0: 6620 6120 6361 7220 7468 6174 2063 6f75  f a car that cou
000068c0: 6c64 2062 6520 6472 6976 656e 2072 6967  ld be driven rig
000068d0: 6874 206f 6666 2074 6865 2073 686f 7772  ht off the showr
000068e0: 6f6f 6d20 616e 6420 746f 7761 7264 7320  oom and towards 
000068f0: 7468 6520 6e65 6172 6573 7420 7261 6c6c  the nearest rall
00006900: 7920 7374 6167 652e 200a 5769 7468 2074  y stage. .With t
00006910: 6865 2061 6464 6974 696f 6e20 6f66 206d  he addition of m
00006920: 6f72 6520 6475 7261 626c 6520 656e 6769  ore durable engi
00006930: 6e65 2069 6e74 6572 6e61 6c73 2c20 6120  ne internals, a 
00006940: 7761 7465 7220 7370 7261 7920 666f 7220  water spray for 
00006950: 7468 6520 696e 7465 7263 6f6f 6c65 722c  the intercooler,
00006960: 2061 2076 6973 6962 6c79 206c 6172 6765   a visibly large
00006970: 7220 686f 6f64 2073 636f 6f70 2c20 6120  r hood scoop, a 
00006980: 636c 6f73 652d 7261 7469 6f20 6765 6172  close-ratio gear
00006990: 626f 7820 616e 6420 6120 6c69 6768 7477  box and a lightw
000069a0: 6569 6768 7420 4e61 7264 6920 7468 7265  eight Nardi thre
000069b0: 652d 7370 6f6b 6520 7374 6565 7269 6e67  e-spoke steering
000069c0: 2077 6865 656c 2c20 7468 6520 5479 7065   wheel, the Type
000069d0: 2052 4120 7761 7320 6566 6665 6374 6976   RA was effectiv
000069e0: 656c 7920 6120 726f 6164 2d6c 6567 616c  ely a road-legal
000069f0: 2072 616c 6c79 2063 6172 2061 6e64 2061   rally car and a
00006a00: 2064 6972 6563 7420 7072 6f6c 6f67 7565   direct prologue
00006a10: 2074 6f20 7468 6520 6d69 6768 7479 2057   to the mighty W
00006a20: 5258 2053 5469 206c 696e 6561 6765 2e20  RX STi lineage. 
00006a30: 0a54 6865 2049 6d70 7265 7a61 2057 5258  .The Impreza WRX
00006a40: 2053 5469 2063 6172 732c 206d 6f72 6520   STi cars, more 
00006a50: 7370 6563 6966 6963 616c 6c79 2022 496d  specifically "Im
00006a60: 7072 657a 6120 5752 5820 5479 7065 2052  preza WRX Type R
00006a70: 4120 5354 6922 2063 6172 732c 2077 6572  A STi" cars, wer
00006a80: 6520 686f 6d6f 6c6f 6761 7469 6f6e 206d  e homologation m
00006a90: 6f64 656c 7320 6d61 6465 2075 6e64 6572  odels made under
00006aa0: 2046 4941 2072 756c 6573 2074 6f20 6265   FIA rules to be
00006ab0: 2061 626c 6520 746f 2070 6172 7469 6369   able to partici
00006ac0: 7061 7465 2069 6e20 4772 6f75 7020 4120  pate in Group A 
00006ad0: 7261 6c6c 7969 6e67 2e20 416c 6c20 7369  rallying. All si
00006ae0: 7820 7665 7273 696f 6e73 206f 6620 7468  x versions of th
00006af0: 6520 4743 3820 5752 5820 5354 6920 6265  e GC8 WRX STi be
00006b00: 7477 6565 6e20 3139 3933 2061 6e64 2032  tween 1993 and 2
00006b10: 3030 3020 6172 6520 6e6f 7720 616d 6f6e  000 are now amon
00006b20: 6720 7468 6520 6d6f 7374 2073 6f75 6768  g the most sough
00006b30: 7420 6166 7465 7220 7665 6869 636c 6573  t after vehicles
00006b40: 2066 726f 6d20 7468 6520 2739 3073 2e20   from the '90s. 
00006b50: 5468 6520 7261 6c6c 7920 6361 7273 2c20  The rally cars, 
00006b60: 6d65 616e 7768 696c 652c 2064 6f6d 696e  meanwhile, domin
00006b70: 6174 6564 2057 5243 2077 6974 6820 7468  ated WRC with th
00006b80: 7265 6520 636f 6e73 6563 7574 6976 6520  ree consecutive 
00006b90: 6d61 6e75 6661 6374 7572 6572 2773 2063  manufacturer's c
00006ba0: 6861 6d70 696f 6e73 6869 7020 7469 746c  hampionship titl
00006bb0: 6573 2069 6e20 3139 3935 2c20 3139 3936  es in 1995, 1996
00006bc0: 2061 6e64 2031 3939 372c 2074 6872 6565   and 1997, three
00006bd0: 2064 7269 7665 7227 7320 6368 616d 7069   driver's champi
00006be0: 6f6e 7368 6970 2074 6974 6c65 7320 2831  onship titles (1
00006bf0: 3939 352c 2032 3030 3120 616e 6420 3230  995, 2001 and 20
00006c00: 3033 2920 616e 6420 3436 2072 616c 6c79  03) and 46 rally
00006c10: 2076 6963 746f 7269 6573 2075 6e74 696c   victories until
00006c20: 2053 7562 6172 7520 7769 7468 6472 6577   Subaru withdrew
00006c30: 2066 726f 6d20 7468 6520 5752 4320 696e   from the WRC in
00006c40: 2032 3030 382e 0a4f 7269 6769 6e61 6c6c   2008..Originall
00006c50: 7920 616c 6c20 666f 7572 2d64 6f6f 7220  y all four-door 
00006c60: 7365 6461 6e73 2028 696e 636c 7564 696e  sedans (includin
00006c70: 6720 7468 6569 7220 7469 746c 652d 7769  g their title-wi
00006c80: 6e6e 696e 6720 496d 7072 657a 6120 3535  nning Impreza 55
00006c90: 3520 7261 6c6c 7920 6361 7229 2c20 7468  5 rally car), th
00006ca0: 6520 5752 5820 5354 6920 6d6f 6465 6c73  e WRX STi models
00006cb0: 2069 6e63 6c75 6465 6420 2754 7970 6520   included 'Type 
00006cc0: 5227 2063 6f75 7065 7320 6672 6f6d 2031  R' coupes from 1
00006cd0: 3939 362c 2077 6974 6820 7468 6520 7665  996, with the ve
00006ce0: 7279 2072 6172 6520 3139 3938 2049 6d70  ry rare 1998 Imp
00006cf0: 7265 7a61 2032 3242 2053 5469 2028 6e61  reza 22B STi (na
00006d00: 6d65 6420 6166 7465 7220 7468 6520 6865  med after the he
00006d10: 7861 6465 6369 6d61 6c20 636f 6465 2066  xadecimal code f
00006d20: 6f72 2074 6865 206e 756d 6265 7220 3535  or the number 55
00006d30: 3529 2c20 6120 3430 7468 2061 6e6e 6976  5), a 40th anniv
00006d40: 6572 7361 7279 2073 7065 6369 616c 2062  ersary special b
00006d50: 7920 5375 6261 7275 2c20 6265 696e 6720  y Subaru, being 
00006d60: 6120 5479 7065 2052 2077 6974 6820 5241  a Type R with RA
00006d70: 2074 7265 6174 6d65 6e74 2061 6e64 2061   treatment and a
00006d80: 206c 6172 6765 7220 616e 6420 6571 7561   larger and equa
00006d90: 6c6c 7920 7261 7265 2032 2e32 2d6c 6974  lly rare 2.2-lit
00006da0: 6572 2065 6e67 696e 6520 2874 6865 2032  er engine (the 2
00006db0: 3231 3220 6363 2045 4a32 3247 292e 2057  212 cc EJ22G). W
00006dc0: 6869 6c65 2032 3520 756e 6974 7320 7765  hile 25 units we
00006dd0: 7265 2065 6172 6d61 726b 6564 2066 6f72  re earmarked for
00006de0: 2065 7870 6f72 7420 746f 2074 6865 2055   export to the U
00006df0: 4b20 616e 6420 4175 7374 7261 6c69 6120  K and Australia 
00006e00: 2869 6e63 6c75 6469 6e67 206f 6e65 2074  (including one t
00006e10: 6f20 666f 726d 6572 2072 616c 6c79 2063  o former rally c
00006e20: 6f2d 6472 6976 6572 204e 6963 6b79 2047  o-driver Nicky G
00006e30: 7269 7374 292c 2074 6865 2072 656d 6169  rist), the remai
00006e40: 6e69 6e67 2033 3939 2064 6f6d 6573 7469  ning 399 domesti
00006e50: 6320 6d61 726b 6574 2075 6e69 7473 2073  c market units s
00006e60: 6f6c 6420 6f75 7420 696e 2061 2074 696d  old out in a tim
00006e70: 6573 7061 6e20 7370 6563 756c 6174 6564  espan speculated
00006e80: 2062 6574 7765 656e 2033 3020 6d69 6e75   between 30 minu
00006e90: 7465 7320 616e 6420 3438 2068 6f75 7273  tes and 48 hours
00006ea0: 2066 6f72 2061 6e20 6573 7469 6d61 7465   for an estimate
00006eb0: 6420 7072 6963 6520 7461 6720 6f66 2074  d price tag of t
00006ec0: 6865 2065 7175 6976 616c 656e 7420 6f66  he equivalent of
00006ed0: 2061 726f 756e 6420 4742 5020 3430 6b20   around GBP 40k 
00006ee0: 696e 2074 686f 7365 2064 6179 732e 2054  in those days. T
00006ef0: 6869 7320 616e 6420 7468 6520 5752 4339  his and the WRC9
00006f00: 3720 7261 6c6c 7920 6361 7220 6d61 726b  7 rally car mark
00006f10: 2074 6865 2065 7261 206f 6620 7468 6520   the era of the 
00006f20: 7477 6f2d 646f 6f72 2057 5243 2049 6d70  two-door WRC Imp
00006f30: 7265 7a61 7320 756e 7469 6c20 3230 3032  rezas until 2002
00006f40: 2062 726f 7567 6874 2062 6163 6b20 7468   brought back th
00006f50: 6520 666f 7572 2064 6f6f 7273 2e20 5468  e four doors. Th
00006f60: 6520 6f74 6865 7220 706f 7075 6c61 7220  e other popular 
00006f70: 626f 6479 2074 7970 653f 2057 6167 6f6e  body type? Wagon
00006f80: 7320 2d20 7768 6963 6820 666f 726d 6564  s - which formed
00006f90: 2070 6172 7420 6f66 2074 6865 2047 4638   part of the GF8
00006fa0: 206c 696e 6561 6765 2c20 6275 7420 7468   lineage, but th
00006fb0: 6174 2773 2061 2073 746f 7279 2066 6f72  at's a story for
00006fc0: 2061 6e6f 7468 6572 2074 696d 652e 0000   another time...
00006fd0: 0000 0000 0000 0000 0000 0000 0000 0000  ................
00006fe0: 0000 0000 0000 0000 0000 0000 0000 0000  ................
00006ff0: 0000 0000 0000 0000 0000 0000 0000 0000  ................
00007000: 0d00 0000 0205 bf00 0e10 05bf 0000 0000  ................
00007010: 0000 0000 0000 0000 0000 0000 0000 0000  ................
00007020: 0000 0000 0000 0000 0000 0000 0000 0000  ................
00007030: 0000 0000 0000 0000 0000 0000 0000 0000  ................
00007040: 0000 0000 0000 0000 0000 0000 0000 0000  ................
00007050: 0000 0000 0000 0000 0000 0000 0000 0000  ................
00007060: 0000 0000 0000 0000 0000 0000 0000 0000  ................
00007070: 0000 0000 0000 0000 0000 0000 0000 0000  ................
00007080: 0000 0000 0000 0000 0000 0000 0000 0000  ................
00007090: 0000 0000 0000 0000 0000 0000 0000 0000  ................
000070a0: 0000 0000 0000 0000 0000 0000 0000 0000  ................
000070b0: 0000 0000 0000 0000 0000 0000 0000 0000  ................
000070c0: 0000 0000 0000 0000 0000 0000 0000 0000  ................
000070d0: 0000 0000 0000 0000 0000 0000 0000 0000  ................
000070e0: 0000 0000 0000 0000 0000 0000 0000 0000  ................
000070f0: 0000 0000 0000 0000 0000 0000 0000 0000  ................
00007100: 0000 0000 0000 0000 0000 0000 0000 0000  ................
00007110: 0000 0000 0000 0000 0000 0000 0000 0000  ................
00007120: 0000 0000 0000 0000 0000 0000 0000 0000  ................
00007130: 0000 0000 0000 0000 0000 0000 0000 0000  ................
00007140: 0000 0000 0000 0000 0000 0000 0000 0000  ................
00007150: 0000 0000 0000 0000 0000 0000 0000 0000  ................
00007160: 0000 0000 0000 0000 0000 0000 0000 0000  ................
00007170: 0000 0000 0000 0000 0000 0000 0000 0000  ................
00007180: 0000 0000 0000 0000 0000 0000 0000 0000  ................
00007190: 0000 0000 0000 0000 0000 0000 0000 0000  ................
000071a0: 0000 0000 0000 0000 0000 0000 0000 0000  ................
000071b0: 0000 0000 0000 0000 0000 0000 0000 0000  ................
000071c0: 0000 0000 0000 0000 0000 0000 0000 0000  ................
000071d0: 0000 0000 0000 0000 0000 0000 0000 0000  ................
000071e0: 0000 0000 0000 0000 0000 0000 0000 0000  ................
000071f0: 0000 0000 0000 0000 0000 0000 0000 0000  ................
00007200: 0000 0000 0000 0000 0000 0000 0000 0000  ................
00007210: 0000 0000 0000 0000 0000 0000 0000 0000  ................
00007220: 0000 0000 0000 0000 0000 0000 0000 0000  ................
00007230: 0000 0000 0000 0000 0000 0000 0000 0000  ................
00007240: 0000 0000 0000 0000 0000 0000 0000 0000  ................
00007250: 0000 0000 0000 0000 0000 0000 0000 0000  ................
00007260: 0000 0000 0000 0000 0000 0000 0000 0000  ................
00007270: 0000 0000 0000 0000 0000 0000 0000 0000  ................
00007280: 0000 0000 0000 0000 0000 0000 0000 0000  ................
00007290: 0000 0000 0000 0000 0000 0000 0000 0000  ................
000072a0: 0000 0000 0000 0000 0000 0000 0000 0000  ................
000072b0: 0000 0000 0000 0000 0000 0000 0000 0000  ................
000072c0: 0000 0000 0000 0000 0000 0000 0000 0000  ................
000072d0: 0000 0000 0000 0000 0000 0000 0000 0000  ................
000072e0: 0000 0000 0000 0000 0000 0000 0000 0000  ................
000072f0: 0000 0000 0000 0000 0000 0000 0000 0000  ................
00007300: 0000 0000 0000 0000 0000 0000 0000 0000  ................
00007310: 0000 0000 0000 0000 0000 0000 0000 0000  ................
00007320: 0000 0000 0000 0000 0000 0000 0000 0000  ................
00007330: 0000 0000 0000 0000 0000 0000 0000 0000  ................
00007340: 0000 0000 0000 0000 0000 0000 0000 0000  ................
00007350: 0000 0000 0000 0000 0000 0000 0000 0000  ................
00007360: 0000 0000 0000 0000 0000 0000 0000 0000  ................
00007370: 0000 0000 0000 0000 0000 0000 0000 0000  ................
00007380: 0000 0000 0000 0000 0000 0000 0000 0000  ................
00007390: 0000 0000 0000 0000 0000 0000 0000 0000  ................
000073a0: 0000 0000 0000 0000 0000 0000 0000 0000  ................
000073b0: 0000 0000 0000 0000 0000 0000 0000 0000  ................
000073c0: 0000 0000 0000 0000 0000 0000 0000 0000  ................
000073d0: 0000 0000 0000 0000 0000 0000 0000 0000  ................
000073e0: 0000 0000 0000 0000 0000 0000 0000 0000  ................
000073f0: 0000 0000 0000 0000 0000 0000 0000 0000  ................
00007400: 0000 0000 0000 0000 0000 0000 0000 0000  ................
00007410: 0000 0000 0000 0000 0000 0000 0000 0000  ................
00007420: 0000 0000 0000 0000 0000 0000 0000 0000  ................
00007430: 0000 0000 0000 0000 0000 0000 0000 0000  ................
00007440: 0000 0000 0000 0000 0000 0000 0000 0000  ................
00007450: 0000 0000 0000 0000 0000 0000 0000 0000  ................
00007460: 0000 0000 0000 0000 0000 0000 0000 0000  ................
00007470: 0000 0000 0000 0000 0000 0000 0000 0000  ................
00007480: 0000 0000 0000 0000 0000 0000 0000 0000  ................
00007490: 0000 0000 0000 0000 0000 0000 0000 0000  ................
000074a0: 0000 0000 0000 0000 0000 0000 0000 0000  ................
000074b0: 0000 0000 0000 0000 0000 0000 0000 0000  ................
000074c0: 0000 0000 0000 0000 0000 0000 0000 0000  ................
000074d0: 0000 0000 0000 0000 0000 0000 0000 0000  ................
000074e0: 0000 0000 0000 0000 0000 0000 0000 0000  ................
000074f0: 0000 0000 0000 0000 0000 0000 0000 0000  ................
00007500: 0000 0000 0000 0000 0000 0000 0000 0000  ................
00007510: 0000 0000 0000 0000 0000 0000 0000 0000  ................
00007520: 0000 0000 0000 0000 0000 0000 0000 0000  ................
00007530: 0000 0000 0000 0000 0000 0000 0000 0000  ................
00007540: 0000 0000 0000 0000 0000 0000 0000 0000  ................
00007550: 0000 0000 0000 0000 0000 0000 0000 0000  ................
00007560: 0000 0000 0000 0000 0000 0000 0000 0000  ................
00007570: 0000 0000 0000 0000 0000 0000 0000 0000  ................
00007580: 0000 0000 0000 0000 0000 0000 0000 0000  ................
00007590: 0000 0000 0000 0000 0000 0000 0000 0000  ................
000075a0: 0000 0000 0000 0000 0000 0000 0000 0000  ................
000075b0: 0000 0000 0000 0000 0000 0000 0000 0090  ................
000075c0: 4e06 0500 1ba1 1141 7175 616d 616e 4465  N......AquamanDe
000075d0: 7269 7665 6420 6672 6f6d 2074 6865 2056  rived from the V
000075e0: 6573 7061 2031 3830 2052 616c 6c79 2061  espa 180 Rally a
000075f0: 6e64 2061 2064 6972 6563 7420 7269 7661  nd a direct riva
00007600: 6c20 746f 2074 6865 204c 616d 6272 6574  l to the Lambret
00007610: 7461 2053 5832 3030 2061 6e64 204c 616d  ta SX200 and Lam
00007620: 6272 6574 7461 2047 502f 444c 2032 3030  bretta GP/DL 200
00007630: 2c20 7468 6520 5665 7370 6120 3230 3020  , the Vespa 200 
00007640: 5261 6c6c 7920 2856 5345 3154 2920 6465  Rally (VSE1T) de
00007650: 6275 7465 6420 696e 2031 3937 3220 7769  buted in 1972 wi
00007660: 7468 2061 6e20 6169 722d 636f 6f6c 6564  th an air-cooled
00007670: 2031 3938 2063 6320 7477 6f2d 7374 726f   198 cc two-stro
00007680: 6b65 2068 6f72 697a 6f6e 7461 6c20 7369  ke horizontal si
00007690: 6e67 6c65 2d63 796c 696e 6465 7220 656e  ngle-cylinder en
000076a0: 6769 6e65 2070 7574 7469 6e67 206f 7574  gine putting out
000076b0: 2031 322e 3520 6870 2028 6172 6f75 6e64   12.5 hp (around
000076c0: 2039 2e32 206b 5729 2061 7420 3537 3030   9.2 kW) at 5700
000076d0: 2072 706d 2c20 656e 6f75 6768 2066 6f72   rpm, enough for
000076e0: 2061 2074 6f70 2073 7065 6564 206e 6f74   a top speed not
000076f0: 2065 7863 6565 6469 6e67 2031 3130 206b   exceeding 110 k
00007700: 6d2f 6820 2836 3820 6d70 6829 2e20 5468  m/h (68 mph). Th
00007710: 6520 6f69 6c2d 6675 656c 206d 6978 7475  e oil-fuel mixtu
00007720: 7265 2028 696e 2061 2072 6174 696f 206f  re (in a ratio o
00007730: 6620 313a 3530 2920 7761 7320 7375 7070  f 1:50) was supp
00007740: 6c69 6564 2066 726f 6d20 616e 2038 2e32  lied from an 8.2
00007750: 2d6c 6974 6572 2066 7565 6c20 7461 6e6b  -liter fuel tank
00007760: 2028 312e 382d 6c69 7465 7220 7265 7365   (1.8-liter rese
00007770: 7276 6529 2074 6f20 7468 6520 656e 6769  rve) to the engi
00007780: 6e65 2076 6961 2061 2044 656c 6c27 4f72  ne via a Dell'Or
00007790: 746f 2053 4920 3234 2f32 3420 4520 6361  to SI 24/24 E ca
000077a0: 7262 7572 6574 6f72 2e20 496e 6974 6961  rburetor. Initia
000077b0: 6c6c 792c 2074 6865 2069 676e 6974 696f  lly, the ignitio
000077c0: 6e20 7379 7374 656d 2077 6173 206d 6563  n system was mec
000077d0: 6861 6e69 6361 6c2c 2077 6974 6820 7468  hanical, with th
000077e0: 6520 7369 782d 766f 6c74 2062 6174 7465  e six-volt batte
000077f0: 7279 2073 7570 706c 7969 6e67 2076 6f6c  ry supplying vol
00007800: 7461 6765 2074 6f20 7468 6520 7370 6172  tage to the spar
00007810: 6b20 706c 7567 7320 7573 696e 6720 6120  k plugs using a 
00007820: 6d65 6368 616e 6963 616c 2064 6973 7472  mechanical distr
00007830: 6962 7574 6f72 2074 6861 7420 6d61 6e75  ibutor that manu
00007840: 616c 6c79 2063 6f6e 7472 6f6c 6c65 6420  ally controlled 
00007850: 7468 6520 636f 6e74 6163 7473 2e20 0a54  the contacts. .T
00007860: 6861 7420 6368 616e 6765 6420 696e 2031  hat changed in 1
00007870: 3937 3320 7768 656e 2074 6865 2046 656d  973 when the Fem
00007880: 7361 7472 6f6e 6963 2043 4449 2028 6361  satronic CDI (ca
00007890: 7061 6369 7469 7665 2064 6973 6368 6172  pacitive dischar
000078a0: 6765 2069 676e 6974 696f 6e29 2065 6c65  ge ignition) ele
000078b0: 6374 726f 6e69 6320 6967 6e69 7469 6f6e  ctronic ignition
000078c0: 2073 7973 7465 6d20 6172 7269 7665 642e   system arrived.
000078d0: 2054 6865 206e 6577 2073 7973 7465 6d20   The new system 
000078e0: 7573 6564 2074 7261 6e73 666f 726d 6572  used transformer
000078f0: 732c 2061 2074 6879 7269 7374 6f72 2061  s, a thyristor a
00007900: 6e64 2061 2063 6170 6163 6974 6f72 2074  nd a capacitor t
00007910: 6f20 626f 6f73 7420 7468 6520 666c 7977  o boost the flyw
00007920: 6865 656c 2d69 6e64 7563 6564 2041 4320  heel-induced AC 
00007930: 766f 6c74 6167 6520 6f66 2032 302d 3530  voltage of 20-50
00007940: 2076 6f6c 7473 2028 6765 6e65 7261 7465   volts (generate
00007950: 6420 7573 696e 6720 666c 7977 6865 656c  d using flywheel
00007960: 206d 6167 6e65 7473 2920 746f 2032 3030   magnets) to 200
00007970: 2076 6f6c 7473 2c20 616e 6420 7468 656e   volts, and then
00007980: 2074 6f20 6172 6f75 6e64 2031 322e 3520   to around 12.5 
00007990: 6b56 2061 7420 7468 6520 6967 6e69 7469  kV at the igniti
000079a0: 6f6e 2070 6f69 6e74 2028 7469 6d69 6e67  on point (timing
000079b0: 2061 6476 616e 6365 206f 6620 3234 c2b0   advance of 24..
000079c0: 2042 5444 4329 2c20 6661 7220 6d6f 7265   BTDC), far more
000079d0: 2074 6861 6e20 7468 6520 6d65 6368 616e   than the mechan
000079e0: 6963 616c 2073 7973 7465 6d27 7320 6f75  ical system's ou
000079f0: 7470 7574 2e20 4e6f 7420 6f6e 6c79 2077  tput. Not only w
00007a00: 6173 2074 6865 2073 7973 7465 6d20 6e6f  as the system no
00007a10: 7720 6d6f 7265 2072 656c 6961 626c 6520  w more reliable 
00007a20: 2865 7665 6e20 756e 6465 7220 636f 6c64  (even under cold
00007a30: 2073 7461 7274 7329 2c20 6275 7420 7468   starts), but th
00007a40: 726f 7474 6c65 2072 6573 706f 6e73 6520  rottle response 
00007a50: 616e 6420 7370 6172 6b20 7072 6563 6973  and spark precis
00007a60: 696f 6e20 7761 7320 616c 736f 2069 6d70  ion was also imp
00007a70: 726f 7665 642c 2075 6e6c 696b 6520 7468  roved, unlike th
00007a80: 6520 6f6c 6420 7379 7374 656d 2074 6861  e old system tha
00007a90: 7420 6f6e 6c79 2077 6f72 6b65 6420 6174  t only worked at
00007aa0: 2069 7473 2062 6573 7420 756e 6465 7220   its best under 
00007ab0: 6c6f 7720 7265 7673 2e20 416e 6420 616c  low revs. And al
00007ac0: 6c20 6f66 2074 6869 7320 7769 7468 6f75  l of this withou
00007ad0: 7420 6e65 6564 696e 6720 6120 6269 6767  t needing a bigg
00007ae0: 6572 2062 6174 7465 7279 2e20 5369 6d69  er battery. Simi
00007af0: 6c61 7220 746f 2074 6865 2062 6174 7465  lar to the batte
00007b00: 7279 2c20 7468 6520 342d 7370 6565 6420  ry, the 4-speed 
00007b10: 6772 6970 2d73 6869 6674 2067 6561 7262  grip-shift gearb
00007b20: 6f78 2061 6e64 206d 756c 7469 706c 6174  ox and multiplat
00007b30: 6520 7765 7420 636c 7574 6368 2072 656d  e wet clutch rem
00007b40: 6169 6e65 6420 7468 6520 7361 6d65 2e20  ained the same. 
00007b50: 4f6e 6c79 2074 6865 2069 676e 6974 696f  Only the ignitio
00007b60: 6e20 7379 7374 656d 2077 6173 2073 7761  n system was swa
00007b70: 7070 6564 2077 6974 6820 6120 4475 6361  pped with a Duca
00007b80: 7469 2045 6e65 7267 6961 2043 4449 206f  ti Energia CDI o
00007b90: 6e65 2069 6e20 3139 3737 2e20 4164 6420  ne in 1977. Add 
00007ba0: 746f 2074 6861 7420 6120 7665 7279 2069  to that a very i
00007bb0: 6d70 7265 7373 6976 6520 6675 656c 2065  mpressive fuel e
00007bc0: 636f 6e6f 6d79 206f 6620 3738 206d 7067  conomy of 78 mpg
00007bd0: 2028 6f72 2073 7065 6369 6669 6361 6c6c   (or specificall
00007be0: 792c 2033 206c 6974 6572 7320 6f66 2066  y, 3 liters of f
00007bf0: 7565 6c20 666f 7220 6576 6572 7920 3130  uel for every 10
00007c00: 3020 6b6d 292c 2061 6e64 2079 6f75 2067  0 km), and you g
00007c10: 6574 2061 2073 636f 6f74 6572 2077 6974  et a scooter wit
00007c20: 6820 6120 6869 7374 6f72 7920 6f66 206c  h a history of l
00007c30: 6f6e 6720 7761 6974 6c69 7374 7320 6f66  ong waitlists of
00007c40: 2062 7579 6572 7320 7275 7368 696e 6720   buyers rushing 
00007c50: 746f 2062 7579 206f 6e65 2e0a 5374 616e  to buy one..Stan
00007c60: 6461 7264 2066 6974 6d65 6e74 7320 746f  dard fitments to
00007c70: 2074 6865 2032 3030 2052 616c 6c79 2069   the 200 Rally i
00007c80: 6e63 6c75 6465 6420 696e 7465 7263 6861  ncluded intercha
00007c90: 6e67 6561 626c 6520 332e 3520 4a20 7820  ngeable 3.5 J x 
00007ca0: 3130 2d69 6e63 6820 7370 6c69 7420 7269  10-inch split ri
00007cb0: 6d20 7768 6565 6c73 2c20 6672 6f6e 7420  m wheels, front 
00007cc0: 616e 6420 7265 6172 2063 6f69 6c6f 7665  and rear coilove
00007cd0: 7273 2077 6974 6820 6879 6472 6175 6c69  rs with hydrauli
00007ce0: 6320 6461 6d70 6572 7320 616e 6420 6578  c dampers and ex
00007cf0: 7061 6e64 696e 6720 7479 7065 2064 7275  panding type dru
00007d00: 6d20 6272 616b 6573 2028 3132 3520 6d6d  m brakes (125 mm
00007d10: 2066 726f 6e74 2c20 3132 3720 6d6d 2072   front, 127 mm r
00007d20: 6561 7229 2e20 5468 6520 6d6f 6e6f 636f  ear). The monoco
00007d30: 7175 6520 626f 6479 2069 7473 656c 6620  que body itself 
00007d40: 7761 7320 6d61 6465 206f 6620 7072 6573  was made of pres
00007d50: 7365 6420 7368 6565 7420 7374 6565 6c2c  sed sheet steel,
00007d60: 2064 7572 6162 6c65 2079 6574 2063 6f73   durable yet cos
00007d70: 7420 6566 6665 6374 6976 652e 2049 6e20  t effective. In 
00007d80: 616c 6c2c 206d 6f72 6520 7468 616e 2066  all, more than f
00007d90: 6f72 7479 2d6f 6e65 2074 686f 7573 616e  orty-one thousan
00007da0: 6420 756e 6974 7320 7765 7265 2073 6f6c  d units were sol
00007db0: 6420 676c 6f62 616c 6c79 2c20 6f66 2077  d globally, of w
00007dc0: 6869 6368 206d 6f72 6520 7468 616e 2035  hich more than 5
00007dd0: 2c30 3030 2077 6572 6520 736f 6c64 2069  ,000 were sold i
00007de0: 6e20 3139 3736 2061 6c6f 6e65 2061 6e64  n 1976 alone and
00007df0: 206d 6f72 6520 7468 616e 2031 302c 3030   more than 10,00
00007e00: 3020 696e 2031 3937 3420 616c 6f6e 652e  0 in 1974 alone.
00007e10: a333 0505 0019 c65d 4265 6e73 6f6e 506f  .3.....]BensonPo
00007e20: 7075 6c61 726c 7920 6361 6c6c 6564 2074  pularly called t
00007e30: 6865 2022 4d65 616e 2045 7965 222c 2074  he "Mean Eye", t
00007e40: 6865 2047 4338 2f47 4638 206c 696e 6561  he GC8/GF8 linea
00007e50: 6765 2066 726f 6d20 3139 3932 2074 6f20  ge from 1992 to 
00007e60: 3230 3030 2069 7320 7265 6761 7264 6564  2000 is regarded
00007e70: 2061 7320 5375 6261 7275 2773 2066 6972   as Subaru's fir
00007e80: 7374 2073 7465 7073 2069 6e20 5752 4320  st steps in WRC 
00007e90: 616e 6420 6173 2074 6865 2061 7263 682d  and as the arch-
00007ea0: 6e65 6d65 7369 7320 6f66 2074 6865 206c  nemesis of the l
00007eb0: 6567 656e 6461 7279 204d 6974 7375 6269  egendary Mitsubi
00007ec0: 7368 6920 4c61 6e63 6572 2045 766f 6c75  shi Lancer Evolu
00007ed0: 7469 6f6e 2066 616d 696c 792e 2057 5258  tion family. WRX
00007ee0: 2069 7320 7368 6f72 7420 666f 7220 576f   is short for Wo
00007ef0: 726c 6420 5261 6c6c 7920 6558 7065 7269  rld Rally eXperi
00007f00: 6d65 6e74 616c 2c20 616e 6420 7468 6520  mental, and the 
00007f10: 3139 3932 2057 5258 2077 6173 2061 2064  1992 WRX was a d
00007f20: 6972 6563 7420 7265 7370 6f6e 7365 2074  irect response t
00007f30: 6f20 7468 6520 4649 4127 7320 7275 6c65  o the FIA's rule
00007f40: 2063 6861 6e67 6573 2066 6f72 2047 726f   changes for Gro
00007f50: 7570 2041 2072 616c 6c79 696e 672e 2053  up A rallying. S
00007f60: 6c69 6768 746c 7920 6f76 6572 2039 2c38  lightly over 9,8
00007f70: 3030 2075 6e69 7473 2066 6f72 206d 6f64  00 units for mod
00007f80: 656c 2079 6561 7220 3139 3933 2077 6572  el year 1993 wer
00007f90: 6520 7072 6f64 7563 6564 2062 6574 7765  e produced betwe
00007fa0: 656e 204e 6f76 656d 6265 7220 3139 3932  en November 1992
00007fb0: 2061 6e64 2053 6570 7465 6d62 6572 2031   and September 1
00007fc0: 3939 3320 666f 7220 6120 7072 6963 6520  993 for a price 
00007fd0: 7461 6720 6f66 2061 7070 726f 7869 6d61  tag of approxima
00007fe0: 7465 6c79 204a 5059 2032 2e33 206d 696c  tely JPY 2.3 mil
00007ff0: 6c69 6f6e 2062 6163 6b20 696e 0000 0007  lion back in....
